timestamp,유효전력생산량(kWh)
2023-12-01 0:00,0
2023-12-01 0:10,0
2023-12-01 0:20,0
2023-12-01 0:30,0
2023-12-01 0:40,0
2023-12-01 0:50,0
2023-12-01 1:00,0
2023-12-01 1:10,0
2023-12-01 1:20,0
2023-12-01 1:30,0
2023-12-01 1:40,0
2023-12-01 1:50,0
2023-12-01 2:00,0
2023-12-01 2:10,0
2023-12-01 2:20,0
2023-12-01 2:30,0
2023-12-01 2:40,0
2023-12-01 2:50,0
2023-12-01 3:00,0
2023-12-01 3:10,0
2023-12-01 3:20,0
2023-12-01 3:30,0
2023-12-01 3:40,0
2023-12-01 3:50,0
2023-12-01 4:00,0
2023-12-01 4:10,0
2023-12-01 4:20,0
2023-12-01 4:30,0
2023-12-01 4:40,0
2023-12-01 4:50,0
2023-12-01 5:00,0
2023-12-01 5:10,0
2023-12-01 5:20,0
2023-12-01 5:30,0
2023-12-01 5:40,0
2023-12-01 5:50,0
2023-12-01 6:00,0
2023-12-01 6:10,0
2023-12-01 6:20,0
2023-12-01 6:30,0
2023-12-01 6:40,0
2023-12-01 6:50,0
2023-12-01 7:00,0
2023-12-01 7:10,0
2023-12-01 7:20,0
2023-12-01 7:30,0
2023-12-01 7:40,0
2023-12-01 7:50,0
2023-12-01 8:00,0
2023-12-01 8:10,0
2023-12-01 8:20,0
2023-12-01 8:30,0
2023-12-01 8:40,0
2023-12-01 8:50,0
2023-12-01 9:00,0
2023-12-01 9:10,0
2023-12-01 9:20,0
2023-12-01 9:30,0
2023-12-01 9:40,0
2023-12-01 9:50,0
2023-12-01 10:00,0
2023-12-01 10:10,0
2023-12-01 10:20,0
2023-12-01 10:30,0
2023-12-01 10:40,0
2023-12-01 10:50,0
2023-12-01 11:00,0
2023-12-01 11:10,0
2023-12-01 11:20,0
2023-12-01 11:30,0
2023-12-01 11:40,0
2023-12-01 11:50,0
2023-12-01 12:00,0
2023-12-01 12:10,0
2023-12-01 12:20,0
2023-12-01 12:30,0
2023-12-01 12:40,0
2023-12-01 12:50,0
2023-12-01 13:00,0
2023-12-01 13:10,0
2023-12-01 13:20,0
2023-12-01 13:30,0
2023-12-01 13:40,0
2023-12-01 13:50,0
2023-12-01 14:00,0
2023-12-01 14:10,0
2023-12-01 14:20,0
2023-12-01 14:30,0
2023-12-01 14:40,0
2023-12-01 14:50,0
2023-12-01 15:00,0
2023-12-01 15:10,0
2023-12-01 15:20,0
2023-12-01 15:30,0
2023-12-01 15:40,0
2023-12-01 15:50,0
2023-12-01 16:00,0
2023-12-01 16:10,0
2023-12-01 16:20,0
2023-12-01 16:30,0
2023-12-01 16:40,0
2023-12-01 16:50,0
2023-12-01 17:00,0
2023-12-01 17:10,0
2023-12-01 17:20,0
2023-12-01 17:30,0
2023-12-01 17:40,0
2023-12-01 17:50,0
2023-12-01 18:00,0
2023-12-01 18:10,0
2023-12-01 18:20,0
2023-12-01 18:30,0
2023-12-01 18:40,0
2023-12-01 18:50,0
2023-12-01 19:00,0
2023-12-01 19:10,0
2023-12-01 19:20,0
2023-12-01 19:30,0
2023-12-01 19:40,0
2023-12-01 19:50,0
2023-12-01 20:00,0
2023-12-01 20:10,0
2023-12-01 20:20,0
2023-12-01 20:30,0
2023-12-01 20:40,0
2023-12-01 20:50,0
2023-12-01 21:00,0
2023-12-01 21:10,0
2023-12-01 21:20,0
2023-12-01 21:30,0
2023-12-01 21:40,0
2023-12-01 21:50,0
2023-12-01 22:00,0
2023-12-01 22:10,0
2023-12-01 22:20,0
2023-12-01 22:30,0
2023-12-01 22:40,0
2023-12-01 22:50,0
2023-12-01 23:00,0
2023-12-01 23:10,0
2023-12-01 23:20,0
2023-12-01 23:30,0
2023-12-01 23:40,0
2023-12-01 23:50,0
2023-12-02 0:00,0
2023-12-02 0:10,0
2023-12-02 0:20,0
2023-12-02 0:30,0
2023-12-02 0:40,0
2023-12-02 0:50,0
2023-12-02 1:00,0
2023-12-02 1:10,0
2023-12-02 1:20,0
2023-12-02 1:30,0
2023-12-02 1:40,0
2023-12-02 1:50,0
2023-12-02 2:00,0
2023-12-02 2:10,0
2023-12-02 2:20,0
2023-12-02 2:30,0
2023-12-02 2:40,0
2023-12-02 2:50,0
2023-12-02 3:00,0
2023-12-02 3:10,0
2023-12-02 3:20,0
2023-12-02 3:30,0
2023-12-02 3:40,0
2023-12-02 3:50,0
2023-12-02 4:00,0
2023-12-02 4:10,0
2023-12-02 4:20,0
2023-12-02 4:30,0
2023-12-02 4:40,0
2023-12-02 4:50,0
2023-12-02 5:00,0
2023-12-02 5:10,0
2023-12-02 5:20,0
2023-12-02 5:30,0
2023-12-02 5:40,0
2023-12-02 5:50,0
2023-12-02 6:00,0
2023-12-02 6:10,0
2023-12-02 6:20,0
2023-12-02 6:30,0
2023-12-02 6:40,0
2023-12-02 6:50,0
2023-12-02 7:00,0
2023-12-02 7:10,0
2023-12-02 7:20,0
2023-12-02 7:30,0
2023-12-02 7:40,0
2023-12-02 7:50,0
2023-12-02 8:00,0
2023-12-02 8:10,0
2023-12-02 8:20,0
2023-12-02 8:30,0
2023-12-02 8:40,0
2023-12-02 8:50,0
2023-12-02 9:00,0
2023-12-02 9:10,0
2023-12-02 9:20,0
2023-12-02 9:30,0
2023-12-02 9:40,0
2023-12-02 9:50,0
2023-12-02 10:00,0
2023-12-02 10:10,0
2023-12-02 10:20,0
2023-12-02 10:30,0
2023-12-02 10:40,0
2023-12-02 10:50,0
2023-12-02 11:00,0
2023-12-02 11:10,0
2023-12-02 11:20,0
2023-12-02 11:30,0
2023-12-02 11:40,0
2023-12-02 11:50,0
2023-12-02 12:00,0
2023-12-02 12:10,0
2023-12-02 12:20,0
2023-12-02 12:30,0
2023-12-02 12:40,0
2023-12-02 12:50,0
2023-12-02 13:00,0
2023-12-02 13:10,0
2023-12-02 13:20,0
2023-12-02 13:30,0
2023-12-02 13:40,0
2023-12-02 13:50,0
2023-12-02 14:00,0
2023-12-02 14:10,0
2023-12-02 14:20,0
2023-12-02 14:30,0
2023-12-02 14:40,0
2023-12-02 14:50,0
2023-12-02 15:00,0
2023-12-02 15:10,0
2023-12-02 15:20,0
2023-12-02 15:30,0
2023-12-02 15:40,0
2023-12-02 15:50,0
2023-12-02 16:00,0
2023-12-02 16:10,0
2023-12-02 16:20,0
2023-12-02 16:30,0
2023-12-02 16:40,0
2023-12-02 16:50,0
2023-12-02 17:00,0
2023-12-02 17:10,0
2023-12-02 17:20,0
2023-12-02 17:30,0
2023-12-02 17:40,0
2023-12-02 17:50,0
2023-12-02 18:00,0
2023-12-02 18:10,0
2023-12-02 18:20,0
2023-12-02 18:30,0
2023-12-02 18:40,0
2023-12-02 18:50,0
2023-12-02 19:00,0
2023-12-02 19:10,0
2023-12-02 19:20,0
2023-12-02 19:30,0
2023-12-02 19:40,0
2023-12-02 19:50,0
2023-12-02 20:00,0
2023-12-02 20:10,0
2023-12-02 20:20,0
2023-12-02 20:30,0
2023-12-02 20:40,0
2023-12-02 20:50,0
2023-12-02 21:00,0
2023-12-02 21:10,0
2023-12-02 21:20,0
2023-12-02 21:30,0
2023-12-02 21:40,0
2023-12-02 21:50,0
2023-12-02 22:00,0
2023-12-02 22:10,0
2023-12-02 22:20,0
2023-12-02 22:30,0
2023-12-02 22:40,0
2023-12-02 22:50,0
2023-12-02 23:00,0
2023-12-02 23:10,0
2023-12-02 23:20,0
2023-12-02 23:30,0
2023-12-02 23:40,0
2023-12-02 23:50,0
2023-12-03 0:00,0
2023-12-03 0:10,0
2023-12-03 0:20,0
2023-12-03 0:30,0
2023-12-03 0:40,0
2023-12-03 0:50,0
2023-12-03 1:00,0
2023-12-03 1:10,0
2023-12-03 1:20,0
2023-12-03 1:30,0
2023-12-03 1:40,0
2023-12-03 1:50,0
2023-12-03 2:00,0
2023-12-03 2:10,0
2023-12-03 2:20,0
2023-12-03 2:30,0
2023-12-03 2:40,0
2023-12-03 2:50,0
2023-12-03 3:00,0
2023-12-03 3:10,0
2023-12-03 3:20,0
2023-12-03 3:30,0
2023-12-03 3:40,0
2023-12-03 3:50,0
2023-12-03 4:00,0
2023-12-03 4:10,0
2023-12-03 4:20,0
2023-12-03 4:30,0
2023-12-03 4:40,0
2023-12-03 4:50,0
2023-12-03 5:00,0
2023-12-03 5:10,0
2023-12-03 5:20,0
2023-12-03 5:30,0
2023-12-03 5:40,0
2023-12-03 5:50,0
2023-12-03 6:00,0
2023-12-03 6:10,0
2023-12-03 6:20,0
2023-12-03 6:30,0
2023-12-03 6:40,0
2023-12-03 6:50,0
2023-12-03 7:00,0
2023-12-03 7:10,0
2023-12-03 7:20,0
2023-12-03 7:30,0
2023-12-03 7:40,0
2023-12-03 7:50,0
2023-12-03 8:00,0
2023-12-03 8:10,0
2023-12-03 8:20,0
2023-12-03 8:30,0
2023-12-03 8:40,0
2023-12-03 8:50,0
2023-12-03 9:00,0
2023-12-03 9:10,0
2023-12-03 9:20,0
2023-12-03 9:30,0
2023-12-03 9:40,0
2023-12-03 9:50,0
2023-12-03 10:00,0
2023-12-03 10:10,0
2023-12-03 10:20,0
2023-12-03 10:30,0
2023-12-03 10:40,0
2023-12-03 10:50,0
2023-12-03 11:00,0
2023-12-03 11:10,0
2023-12-03 11:20,0
2023-12-03 11:30,0
2023-12-03 11:40,0
2023-12-03 11:50,0
2023-12-03 12:00,0
2023-12-03 12:10,0
2023-12-03 12:20,0
2023-12-03 12:30,0
2023-12-03 12:40,0
2023-12-03 12:50,0
2023-12-03 13:00,0
2023-12-03 13:10,0
2023-12-03 13:20,0
2023-12-03 13:30,0
2023-12-03 13:40,0
2023-12-03 13:50,0
2023-12-03 14:00,0
2023-12-03 14:10,0
2023-12-03 14:20,0
2023-12-03 14:30,0
2023-12-03 14:40,0
2023-12-03 14:50,0
2023-12-03 15:00,0
2023-12-03 15:10,0
2023-12-03 15:20,0
2023-12-03 15:30,0
2023-12-03 15:40,0
2023-12-03 15:50,0
2023-12-03 16:00,0
2023-12-03 16:10,0
2023-12-03 16:20,0
2023-12-03 16:30,0
2023-12-03 16:40,0
2023-12-03 16:50,0
2023-12-03 17:00,0
2023-12-03 17:10,0
2023-12-03 17:20,0
2023-12-03 17:30,0
2023-12-03 17:40,0
2023-12-03 17:50,0
2023-12-03 18:00,0
2023-12-03 18:10,0
2023-12-03 18:20,0
2023-12-03 18:30,0
2023-12-03 18:40,0
2023-12-03 18:50,0
2023-12-03 19:00,0
2023-12-03 19:10,0
2023-12-03 19:20,0
2023-12-03 19:30,0
2023-12-03 19:40,0
2023-12-03 19:50,0
2023-12-03 20:00,0
2023-12-03 20:10,0
2023-12-03 20:20,0
2023-12-03 20:30,0
2023-12-03 20:40,0
2023-12-03 20:50,0
2023-12-03 21:00,0
2023-12-03 21:10,0
2023-12-03 21:20,0
2023-12-03 21:30,0
2023-12-03 21:40,0
2023-12-03 21:50,0
2023-12-03 22:00,0
2023-12-03 22:10,0
2023-12-03 22:20,0
2023-12-03 22:30,0
2023-12-03 22:40,0
2023-12-03 22:50,0
2023-12-03 23:00,0
2023-12-03 23:10,0
2023-12-03 23:20,0
2023-12-03 23:30,0
2023-12-03 23:40,0
2023-12-03 23:50,0
2023-12-04 0:00,0
2023-12-04 0:10,0
2023-12-04 0:20,0
2023-12-04 0:30,0
2023-12-04 0:40,0
2023-12-04 0:50,0
2023-12-04 1:00,0
2023-12-04 1:10,0
2023-12-04 1:20,0
2023-12-04 1:30,0
2023-12-04 1:40,0
2023-12-04 1:50,0
2023-12-04 2:00,0
2023-12-04 2:10,0
2023-12-04 2:20,0
2023-12-04 2:30,0
2023-12-04 2:40,0
2023-12-04 2:50,0
2023-12-04 3:00,0
2023-12-04 3:10,0
2023-12-04 3:20,0
2023-12-04 3:30,0
2023-12-04 3:40,0
2023-12-04 3:50,0
2023-12-04 4:00,0
2023-12-04 4:10,0
2023-12-04 4:20,0
2023-12-04 4:30,0
2023-12-04 4:40,0
2023-12-04 4:50,0
2023-12-04 5:00,0
2023-12-04 5:10,0
2023-12-04 5:20,0
2023-12-04 5:30,0
2023-12-04 5:40,0
2023-12-04 5:50,0
2023-12-04 6:00,0
2023-12-04 6:10,0
2023-12-04 6:20,0
2023-12-04 6:30,0
2023-12-04 6:40,0
2023-12-04 6:50,0
2023-12-04 7:00,0
2023-12-04 7:10,0
2023-12-04 7:20,0
2023-12-04 7:30,0
2023-12-04 7:40,0
2023-12-04 7:50,0
2023-12-04 8:00,0
2023-12-04 8:10,0
2023-12-04 8:20,0
2023-12-04 8:30,0
2023-12-04 8:40,0
2023-12-04 8:50,0
2023-12-04 9:00,0
2023-12-04 9:10,0
2023-12-04 9:20,0
2023-12-04 9:30,0
2023-12-04 9:40,0
2023-12-04 9:50,0
2023-12-04 10:00,0
2023-12-04 10:10,0
2023-12-04 10:20,0
2023-12-04 10:30,0
2023-12-04 10:40,0
2023-12-04 10:50,0
2023-12-04 11:00,0
2023-12-04 11:10,0
2023-12-04 11:20,0
2023-12-04 11:30,0
2023-12-04 11:40,0
2023-12-04 11:50,0
2023-12-04 12:00,0
2023-12-04 12:10,0
2023-12-04 12:20,0
2023-12-04 12:30,0
2023-12-04 12:40,0
2023-12-04 12:50,0
2023-12-04 13:00,0
2023-12-04 13:10,0
2023-12-04 13:20,0
2023-12-04 13:30,0
2023-12-04 13:40,0
2023-12-04 13:50,0
2023-12-04 14:00,0
2023-12-04 14:10,0
2023-12-04 14:20,0
2023-12-04 14:30,0
2023-12-04 14:40,0
2023-12-04 14:50,0
2023-12-04 15:00,0
2023-12-04 15:10,0
2023-12-04 15:20,0
2023-12-04 15:30,0
2023-12-04 15:40,0
2023-12-04 15:50,0
2023-12-04 16:00,0
2023-12-04 16:10,0
2023-12-04 16:20,0
2023-12-04 16:30,0
2023-12-04 16:40,0
2023-12-04 16:50,0
2023-12-04 17:00,0
2023-12-04 17:10,0
2023-12-04 17:20,0
2023-12-04 17:30,0
2023-12-04 17:40,0
2023-12-04 17:50,0
2023-12-04 18:00,0
2023-12-04 18:10,0
2023-12-04 18:20,0
2023-12-04 18:30,0
2023-12-04 18:40,0
2023-12-04 18:50,0
2023-12-04 19:00,0
2023-12-04 19:10,0
2023-12-04 19:20,0
2023-12-04 19:30,0
2023-12-04 19:40,0
2023-12-04 19:50,0
2023-12-04 20:00,0
2023-12-04 20:10,0
2023-12-04 20:20,0
2023-12-04 20:30,0
2023-12-04 20:40,0
2023-12-04 20:50,0
2023-12-04 21:00,0
2023-12-04 21:10,0
2023-12-04 21:20,0
2023-12-04 21:30,0
2023-12-04 21:40,0
2023-12-04 21:50,0
2023-12-04 22:00,0
2023-12-04 22:10,0
2023-12-04 22:20,0
2023-12-04 22:30,0
2023-12-04 22:40,0
2023-12-04 22:50,0
2023-12-04 23:00,0
2023-12-04 23:10,0
2023-12-04 23:20,0
2023-12-04 23:30,0
2023-12-04 23:40,0
2023-12-04 23:50,0
2023-12-05 0:00,0
2023-12-05 0:10,0
2023-12-05 0:20,0
2023-12-05 0:30,0
2023-12-05 0:40,0
2023-12-05 0:50,0
2023-12-05 1:00,0
2023-12-05 1:10,0
2023-12-05 1:20,0
2023-12-05 1:30,0
2023-12-05 1:40,0
2023-12-05 1:50,0
2023-12-05 2:00,0
2023-12-05 2:10,0
2023-12-05 2:20,0
2023-12-05 2:30,0
2023-12-05 2:40,0
2023-12-05 2:50,0
2023-12-05 3:00,0
2023-12-05 3:10,0
2023-12-05 3:20,0
2023-12-05 3:30,0
2023-12-05 3:40,0
2023-12-05 3:50,0
2023-12-05 4:00,0
2023-12-05 4:10,0
2023-12-05 4:20,0
2023-12-05 4:30,0
2023-12-05 4:40,0
2023-12-05 4:50,0
2023-12-05 5:00,0
2023-12-05 5:10,0
2023-12-05 5:20,0
2023-12-05 5:30,0
2023-12-05 5:40,0
2023-12-05 5:50,0
2023-12-05 6:00,0
2023-12-05 6:10,0
2023-12-05 6:20,0
2023-12-05 6:30,0
2023-12-05 6:40,0
2023-12-05 6:50,0
2023-12-05 7:00,0
2023-12-05 7:10,0
2023-12-05 7:20,0
2023-12-05 7:30,0
2023-12-05 7:40,0
2023-12-05 7:50,0
2023-12-05 8:00,0
2023-12-05 8:10,0
2023-12-05 8:20,0
2023-12-05 8:30,0
2023-12-05 8:40,0
2023-12-05 8:50,0
2023-12-05 9:00,0
2023-12-05 9:10,0
2023-12-05 9:20,0
2023-12-05 9:30,0
2023-12-05 9:40,0
2023-12-05 9:50,0
2023-12-05 10:00,0
2023-12-05 10:10,0
2023-12-05 10:20,0
2023-12-05 10:30,0
2023-12-05 10:40,0
2023-12-05 10:50,0
2023-12-05 11:00,0
2023-12-05 11:10,0
2023-12-05 11:20,0
2023-12-05 11:30,0
2023-12-05 11:40,0
2023-12-05 11:50,0
2023-12-05 12:00,0
2023-12-05 12:10,0
2023-12-05 12:20,0
2023-12-05 12:30,0
2023-12-05 12:40,0
2023-12-05 12:50,0
2023-12-05 13:00,0
2023-12-05 13:10,0
2023-12-05 13:20,0
2023-12-05 13:30,0
2023-12-05 13:40,0
2023-12-05 13:50,0
2023-12-05 14:00,0
2023-12-05 14:10,0
2023-12-05 14:20,0
2023-12-05 14:30,0
2023-12-05 14:40,0
2023-12-05 14:50,0
2023-12-05 15:00,0
2023-12-05 15:10,0
2023-12-05 15:20,0
2023-12-05 15:30,0
2023-12-05 15:40,0
2023-12-05 15:50,0
2023-12-05 16:00,0
2023-12-05 16:10,0
2023-12-05 16:20,0
2023-12-05 16:30,0
2023-12-05 16:40,0
2023-12-05 16:50,0
2023-12-05 17:00,0
2023-12-05 17:10,0
2023-12-05 17:20,0
2023-12-05 17:30,0
2023-12-05 17:40,0
2023-12-05 17:50,0
2023-12-05 18:00,0
2023-12-05 18:10,0
2023-12-05 18:20,0
2023-12-05 18:30,0
2023-12-05 18:40,0
2023-12-05 18:50,0
2023-12-05 19:00,0
2023-12-05 19:10,0
2023-12-05 19:20,0
2023-12-05 19:30,0
2023-12-05 19:40,0
2023-12-05 19:50,0
2023-12-05 20:00,0
2023-12-05 20:10,0
2023-12-05 20:20,0
2023-12-05 20:30,0
2023-12-05 20:40,0
2023-12-05 20:50,0
2023-12-05 21:00,0
2023-12-05 21:10,0
2023-12-05 21:20,0
2023-12-05 21:30,0
2023-12-05 21:40,0
2023-12-05 21:50,0
2023-12-05 22:00,0
2023-12-05 22:10,0
2023-12-05 22:20,0
2023-12-05 22:30,0
2023-12-05 22:40,0
2023-12-05 22:50,0
2023-12-05 23:00,0
2023-12-05 23:10,0
2023-12-05 23:20,0
2023-12-05 23:30,0
2023-12-05 23:40,0
2023-12-05 23:50,0
2023-12-06 0:00,0
2023-12-06 0:10,0
2023-12-06 0:20,0
2023-12-06 0:30,0
2023-12-06 0:40,0
2023-12-06 0:50,0
2023-12-06 1:00,0
2023-12-06 1:10,0
2023-12-06 1:20,0
2023-12-06 1:30,0
2023-12-06 1:40,0
2023-12-06 1:50,0
2023-12-06 2:00,0
2023-12-06 2:10,0
2023-12-06 2:20,0
2023-12-06 2:30,0
2023-12-06 2:40,0
2023-12-06 2:50,0
2023-12-06 3:00,0
2023-12-06 3:10,0
2023-12-06 3:20,0
2023-12-06 3:30,0
2023-12-06 3:40,0
2023-12-06 3:50,0
2023-12-06 4:00,0
2023-12-06 4:10,0
2023-12-06 4:20,0
2023-12-06 4:30,0
2023-12-06 4:40,0
2023-12-06 4:50,0
2023-12-06 5:00,0
2023-12-06 5:10,0
2023-12-06 5:20,0
2023-12-06 5:30,0
2023-12-06 5:40,0
2023-12-06 5:50,0
2023-12-06 6:00,0
2023-12-06 6:10,0
2023-12-06 6:20,0
2023-12-06 6:30,0
2023-12-06 6:40,0
2023-12-06 6:50,0
2023-12-06 7:00,0
2023-12-06 7:10,0
2023-12-06 7:20,0
2023-12-06 7:30,0
2023-12-06 7:40,0
2023-12-06 7:50,0
2023-12-06 8:00,0
2023-12-06 8:10,0
2023-12-06 8:20,0
2023-12-06 8:30,0
2023-12-06 8:40,0
2023-12-06 8:50,0
2023-12-06 9:00,0
2023-12-06 9:10,0
2023-12-06 9:20,0
2023-12-06 9:30,0
2023-12-06 9:40,0
2023-12-06 9:50,0
2023-12-06 10:00,0
2023-12-06 10:10,0
2023-12-06 10:20,0
2023-12-06 10:30,0
2023-12-06 10:40,0
2023-12-06 10:50,0
2023-12-06 11:00,0
2023-12-06 11:10,0
2023-12-06 11:20,0
2023-12-06 11:30,0
2023-12-06 11:40,0
2023-12-06 11:50,0
2023-12-06 12:00,0
2023-12-06 12:10,0
2023-12-06 12:20,0
2023-12-06 12:30,0
2023-12-06 12:40,0
2023-12-06 12:50,0
2023-12-06 13:00,0
2023-12-06 13:10,0
2023-12-06 13:20,0
2023-12-06 13:30,0
2023-12-06 13:40,0
2023-12-06 13:50,0
2023-12-06 14:00,0
2023-12-06 14:10,0
2023-12-06 14:20,0
2023-12-06 14:30,0
2023-12-06 14:40,0
2023-12-06 14:50,0
2023-12-06 15:00,0
2023-12-06 15:10,0
2023-12-06 15:20,0
2023-12-06 15:30,0
2023-12-06 15:40,0
2023-12-06 15:50,0
2023-12-06 16:00,0
2023-12-06 16:10,0
2023-12-06 16:20,0
2023-12-06 16:30,0
2023-12-06 16:40,0
2023-12-06 16:50,0
2023-12-06 17:00,0
2023-12-06 17:10,0
2023-12-06 17:20,0
2023-12-06 17:30,0
2023-12-06 17:40,0
2023-12-06 17:50,0
2023-12-06 18:00,0
2023-12-06 18:10,0
2023-12-06 18:20,0
2023-12-06 18:30,0
2023-12-06 18:40,0
2023-12-06 18:50,0
2023-12-06 19:00,0
2023-12-06 19:10,0
2023-12-06 19:20,0
2023-12-06 19:30,0
2023-12-06 19:40,0
2023-12-06 19:50,0
2023-12-06 20:00,0
2023-12-06 20:10,0
2023-12-06 20:20,0
2023-12-06 20:30,0
2023-12-06 20:40,0
2023-12-06 20:50,0
2023-12-06 21:00,0
2023-12-06 21:10,0
2023-12-06 21:20,0
2023-12-06 21:30,0
2023-12-06 21:40,0
2023-12-06 21:50,0
2023-12-06 22:00,0
2023-12-06 22:10,0
2023-12-06 22:20,0
2023-12-06 22:30,0
2023-12-06 22:40,0
2023-12-06 22:50,0
2023-12-06 23:00,0
2023-12-06 23:10,0
2023-12-06 23:20,0
2023-12-06 23:30,0
2023-12-06 23:40,0
2023-12-06 23:50,0
2023-12-07 0:00,0
2023-12-07 0:10,0
2023-12-07 0:20,0
2023-12-07 0:30,0
2023-12-07 0:40,0
2023-12-07 0:50,0
2023-12-07 1:00,0
2023-12-07 1:10,0
2023-12-07 1:20,0
2023-12-07 1:30,0
2023-12-07 1:40,0
2023-12-07 1:50,0
2023-12-07 2:00,0
2023-12-07 2:10,0
2023-12-07 2:20,0
2023-12-07 2:30,0
2023-12-07 2:40,0
2023-12-07 2:50,0
2023-12-07 3:00,0
2023-12-07 3:10,0
2023-12-07 3:20,0
2023-12-07 3:30,0
2023-12-07 3:40,0
2023-12-07 3:50,0
2023-12-07 4:00,0
2023-12-07 4:10,0
2023-12-07 4:20,0
2023-12-07 4:30,0
2023-12-07 4:40,0
2023-12-07 4:50,0
2023-12-07 5:00,0
2023-12-07 5:10,0
2023-12-07 5:20,0
2023-12-07 5:30,0
2023-12-07 5:40,0
2023-12-07 5:50,0
2023-12-07 6:00,0
2023-12-07 6:10,0
2023-12-07 6:20,0
2023-12-07 6:30,0
2023-12-07 6:40,0
2023-12-07 6:50,0
2023-12-07 7:00,0
2023-12-07 7:10,0
2023-12-07 7:20,0
2023-12-07 7:30,0
2023-12-07 7:40,0
2023-12-07 7:50,0
2023-12-07 8:00,0
2023-12-07 8:10,0
2023-12-07 8:20,0
2023-12-07 8:30,0
2023-12-07 8:40,0
2023-12-07 8:50,0
2023-12-07 9:00,0
2023-12-07 9:10,0
2023-12-07 9:20,0
2023-12-07 9:30,0
2023-12-07 9:40,0
2023-12-07 9:50,0
2023-12-07 10:00,0
2023-12-07 10:10,0
2023-12-07 10:20,0
2023-12-07 10:30,0
2023-12-07 10:40,0
2023-12-07 10:50,0
2023-12-07 11:00,0
2023-12-07 11:10,0
2023-12-07 11:20,0
2023-12-07 11:30,0
2023-12-07 11:40,0
2023-12-07 11:50,0
2023-12-07 12:00,0
2023-12-07 12:10,0
2023-12-07 12:20,0
2023-12-07 12:30,0
2023-12-07 12:40,0
2023-12-07 12:50,0
2023-12-07 13:00,0
2023-12-07 13:10,0
2023-12-07 13:20,0
2023-12-07 13:30,0
2023-12-07 13:40,0
2023-12-07 13:50,0
2023-12-07 14:00,0
2023-12-07 14:10,0
2023-12-07 14:20,0
2023-12-07 14:30,0
2023-12-07 14:40,0
2023-12-07 14:50,0
2023-12-07 15:00,0
2023-12-07 15:10,0
2023-12-07 15:20,0
2023-12-07 15:30,0
2023-12-07 15:40,0
2023-12-07 15:50,0
2023-12-07 16:00,0
2023-12-07 16:10,0
2023-12-07 16:20,0
2023-12-07 16:30,0
2023-12-07 16:40,0
2023-12-07 16:50,0
2023-12-07 17:00,0
2023-12-07 17:10,0
2023-12-07 17:20,0
2023-12-07 17:30,0
2023-12-07 17:40,0
2023-12-07 17:50,0
2023-12-07 18:00,0
2023-12-07 18:10,0
2023-12-07 18:20,0
2023-12-07 18:30,0
2023-12-07 18:40,0
2023-12-07 18:50,0
2023-12-07 19:00,0
2023-12-07 19:10,0
2023-12-07 19:20,0
2023-12-07 19:30,0
2023-12-07 19:40,0
2023-12-07 19:50,0
2023-12-07 20:00,0
2023-12-07 20:10,0
2023-12-07 20:20,0
2023-12-07 20:30,0
2023-12-07 20:40,0
2023-12-07 20:50,0
2023-12-07 21:00,0
2023-12-07 21:10,0
2023-12-07 21:20,0
2023-12-07 21:30,0
2023-12-07 21:40,0
2023-12-07 21:50,0
2023-12-07 22:00,0
2023-12-07 22:10,0
2023-12-07 22:20,0
2023-12-07 22:30,0
2023-12-07 22:40,0
2023-12-07 22:50,0
2023-12-07 23:00,0
2023-12-07 23:10,0
2023-12-07 23:20,0
2023-12-07 23:30,0
2023-12-07 23:40,0
2023-12-07 23:50,0
2023-12-08 0:00,0
2023-12-08 0:10,0
2023-12-08 0:20,0
2023-12-08 0:30,0
2023-12-08 0:40,0
2023-12-08 0:50,0
2023-12-08 1:00,0
2023-12-08 1:10,0
2023-12-08 1:20,0
2023-12-08 1:30,0
2023-12-08 1:40,0
2023-12-08 1:50,0
2023-12-08 2:00,0
2023-12-08 2:10,0
2023-12-08 2:20,0
2023-12-08 2:30,0
2023-12-08 2:40,0
2023-12-08 2:50,0
2023-12-08 3:00,0
2023-12-08 3:10,0
2023-12-08 3:20,0
2023-12-08 3:30,0
2023-12-08 3:40,0
2023-12-08 3:50,0
2023-12-08 4:00,0
2023-12-08 4:10,0
2023-12-08 4:20,0
2023-12-08 4:30,0
2023-12-08 4:40,0
2023-12-08 4:50,0
2023-12-08 5:00,0
2023-12-08 5:10,0
2023-12-08 5:20,0
2023-12-08 5:30,0
2023-12-08 5:40,0
2023-12-08 5:50,0
2023-12-08 6:00,0
2023-12-08 6:10,0
2023-12-08 6:20,0
2023-12-08 6:30,0
2023-12-08 6:40,0
2023-12-08 6:50,0
2023-12-08 7:00,0
2023-12-08 7:10,0
2023-12-08 7:20,0
2023-12-08 7:30,0
2023-12-08 7:40,0
2023-12-08 7:50,0
2023-12-08 8:00,0
2023-12-08 8:10,0
2023-12-08 8:20,0
2023-12-08 8:30,0
2023-12-08 8:40,0
2023-12-08 8:50,0
2023-12-08 9:00,0
2023-12-08 9:10,0
2023-12-08 9:20,0
2023-12-08 9:30,0
2023-12-08 9:40,0
2023-12-08 9:50,0
2023-12-08 10:00,0
2023-12-08 10:10,0
2023-12-08 10:20,0
2023-12-08 10:30,0
2023-12-08 10:40,0
2023-12-08 10:50,0
2023-12-08 11:00,0
2023-12-08 11:10,0
2023-12-08 11:20,0
2023-12-08 11:30,0
2023-12-08 11:40,0
2023-12-08 11:50,0
2023-12-08 12:00,0
2023-12-08 12:10,0
2023-12-08 12:20,0
2023-12-08 12:30,0
2023-12-08 12:40,0
2023-12-08 12:50,0
2023-12-08 13:00,0
2023-12-08 13:10,0
2023-12-08 13:20,0
2023-12-08 13:30,0
2023-12-08 13:40,0
2023-12-08 13:50,0
2023-12-08 14:00,0
2023-12-08 14:10,0
2023-12-08 14:20,0
2023-12-08 14:30,0
2023-12-08 14:40,0
2023-12-08 14:50,0
2023-12-08 15:00,0
2023-12-08 15:10,0
2023-12-08 15:20,0
2023-12-08 15:30,0
2023-12-08 15:40,0
2023-12-08 15:50,0
2023-12-08 16:00,0
2023-12-08 16:10,0
2023-12-08 16:20,0
2023-12-08 16:30,0
2023-12-08 16:40,0
2023-12-08 16:50,0
2023-12-08 17:00,0
2023-12-08 17:10,0
2023-12-08 17:20,0
2023-12-08 17:30,0
2023-12-08 17:40,0
2023-12-08 17:50,0
2023-12-08 18:00,0
2023-12-08 18:10,0
2023-12-08 18:20,0
2023-12-08 18:30,0
2023-12-08 18:40,0
2023-12-08 18:50,0
2023-12-08 19:00,0
2023-12-08 19:10,0
2023-12-08 19:20,0
2023-12-08 19:30,0
2023-12-08 19:40,0
2023-12-08 19:50,0
2023-12-08 20:00,0
2023-12-08 20:10,0
2023-12-08 20:20,0
2023-12-08 20:30,0
2023-12-08 20:40,0
2023-12-08 20:50,0
2023-12-08 21:00,0
2023-12-08 21:10,0
2023-12-08 21:20,0
2023-12-08 21:30,0
2023-12-08 21:40,0
2023-12-08 21:50,0
2023-12-08 22:00,0
2023-12-08 22:10,0
2023-12-08 22:20,0
2023-12-08 22:30,0
2023-12-08 22:40,0
2023-12-08 22:50,0
2023-12-08 23:00,0
2023-12-08 23:10,0
2023-12-08 23:20,0
2023-12-08 23:30,0
2023-12-08 23:40,0
2023-12-08 23:50,0
2023-12-09 0:00,0
2023-12-09 0:10,0
2023-12-09 0:20,0
2023-12-09 0:30,0
2023-12-09 0:40,0
2023-12-09 0:50,0
2023-12-09 1:00,0
2023-12-09 1:10,0
2023-12-09 1:20,0
2023-12-09 1:30,0
2023-12-09 1:40,0
2023-12-09 1:50,0
2023-12-09 2:00,0
2023-12-09 2:10,0
2023-12-09 2:20,0
2023-12-09 2:30,0
2023-12-09 2:40,0
2023-12-09 2:50,0
2023-12-09 3:00,0
2023-12-09 3:10,0
2023-12-09 3:20,0
2023-12-09 3:30,0
2023-12-09 3:40,0
2023-12-09 3:50,0
2023-12-09 4:00,0
2023-12-09 4:10,0
2023-12-09 4:20,0
2023-12-09 4:30,0
2023-12-09 4:40,0
2023-12-09 4:50,0
2023-12-09 5:00,0
2023-12-09 5:10,0
2023-12-09 5:20,0
2023-12-09 5:30,0
2023-12-09 5:40,0
2023-12-09 5:50,0
2023-12-09 6:00,0
2023-12-09 6:10,0
2023-12-09 6:20,0
2023-12-09 6:30,0
2023-12-09 6:40,0
2023-12-09 6:50,0
2023-12-09 7:00,0
2023-12-09 7:10,0
2023-12-09 7:20,0
2023-12-09 7:30,0
2023-12-09 7:40,0
2023-12-09 7:50,0
2023-12-09 8:00,0
2023-12-09 8:10,0
2023-12-09 8:20,0
2023-12-09 8:30,0
2023-12-09 8:40,0
2023-12-09 8:50,0
2023-12-09 9:00,0
2023-12-09 9:10,0
2023-12-09 9:20,0
2023-12-09 9:30,0
2023-12-09 9:40,0
2023-12-09 9:50,0
2023-12-09 10:00,0
2023-12-09 10:10,0
2023-12-09 10:20,0
2023-12-09 10:30,0
2023-12-09 10:40,0
2023-12-09 10:50,0
2023-12-09 11:00,0
2023-12-09 11:10,0
2023-12-09 11:20,0
2023-12-09 11:30,0
2023-12-09 11:40,0
2023-12-09 11:50,0
2023-12-09 12:00,0
2023-12-09 12:10,0
2023-12-09 12:20,0
2023-12-09 12:30,0
2023-12-09 12:40,0
2023-12-09 12:50,0
2023-12-09 13:00,0
2023-12-09 13:10,0
2023-12-09 13:20,0
2023-12-09 13:30,0
2023-12-09 13:40,0
2023-12-09 13:50,0
2023-12-09 14:00,0
2023-12-09 14:10,0
2023-12-09 14:20,0
2023-12-09 14:30,0
2023-12-09 14:40,0
2023-12-09 14:50,0
2023-12-09 15:00,0
2023-12-09 15:10,0
2023-12-09 15:20,0
2023-12-09 15:30,0
2023-12-09 15:40,0
2023-12-09 15:50,0
2023-12-09 16:00,0
2023-12-09 16:10,0
2023-12-09 16:20,0
2023-12-09 16:30,0
2023-12-09 16:40,0
2023-12-09 16:50,0
2023-12-09 17:00,0
2023-12-09 17:10,0
2023-12-09 17:20,0
2023-12-09 17:30,0
2023-12-09 17:40,0
2023-12-09 17:50,0
2023-12-09 18:00,0
2023-12-09 18:10,0
2023-12-09 18:20,0
2023-12-09 18:30,0
2023-12-09 18:40,0
2023-12-09 18:50,0
2023-12-09 19:00,0
2023-12-09 19:10,0
2023-12-09 19:20,0
2023-12-09 19:30,0
2023-12-09 19:40,0
2023-12-09 19:50,0
2023-12-09 20:00,0
2023-12-09 20:10,0
2023-12-09 20:20,0
2023-12-09 20:30,0
2023-12-09 20:40,0
2023-12-09 20:50,0
2023-12-09 21:00,0
2023-12-09 21:10,0
2023-12-09 21:20,0
2023-12-09 21:30,0
2023-12-09 21:40,0
2023-12-09 21:50,0
2023-12-09 22:00,0
2023-12-09 22:10,0
2023-12-09 22:20,0
2023-12-09 22:30,0
2023-12-09 22:40,0
2023-12-09 22:50,0
2023-12-09 23:00,0
2023-12-09 23:10,0
2023-12-09 23:20,0
2023-12-09 23:30,0
2023-12-09 23:40,0
2023-12-09 23:50,0
2023-12-10 0:00,0
2023-12-10 0:10,0
2023-12-10 0:20,0
2023-12-10 0:30,0
2023-12-10 0:40,0
2023-12-10 0:50,0
2023-12-10 1:00,0
2023-12-10 1:10,0
2023-12-10 1:20,0
2023-12-10 1:30,0
2023-12-10 1:40,0
2023-12-10 1:50,0
2023-12-10 2:00,0
2023-12-10 2:10,0
2023-12-10 2:20,0
2023-12-10 2:30,0
2023-12-10 2:40,0
2023-12-10 2:50,0
2023-12-10 3:00,0
2023-12-10 3:10,0
2023-12-10 3:20,0
2023-12-10 3:30,0
2023-12-10 3:40,0
2023-12-10 3:50,0
2023-12-10 4:00,0
2023-12-10 4:10,0
2023-12-10 4:20,0
2023-12-10 4:30,0
2023-12-10 4:40,0
2023-12-10 4:50,0
2023-12-10 5:00,0
2023-12-10 5:10,0
2023-12-10 5:20,0
2023-12-10 5:30,0
2023-12-10 5:40,0
2023-12-10 5:50,0
2023-12-10 6:00,0
2023-12-10 6:10,0
2023-12-10 6:20,0
2023-12-10 6:30,0
2023-12-10 6:40,0
2023-12-10 6:50,0
2023-12-10 7:00,0
2023-12-10 7:10,0
2023-12-10 7:20,0
2023-12-10 7:30,0
2023-12-10 7:40,0
2023-12-10 7:50,0
2023-12-10 8:00,0
2023-12-10 8:10,0
2023-12-10 8:20,0
2023-12-10 8:30,0
2023-12-10 8:40,0
2023-12-10 8:50,0
2023-12-10 9:00,0
2023-12-10 9:10,0
2023-12-10 9:20,0
2023-12-10 9:30,0
2023-12-10 9:40,0
2023-12-10 9:50,0
2023-12-10 10:00,0
2023-12-10 10:10,0
2023-12-10 10:20,0
2023-12-10 10:30,0
2023-12-10 10:40,0
2023-12-10 10:50,0
2023-12-10 11:00,0
2023-12-10 11:10,0
2023-12-10 11:20,0
2023-12-10 11:30,0
2023-12-10 11:40,0
2023-12-10 11:50,0
2023-12-10 12:00,0
2023-12-10 12:10,0
2023-12-10 12:20,0
2023-12-10 12:30,0
2023-12-10 12:40,0
2023-12-10 12:50,0
2023-12-10 13:00,0
2023-12-10 13:10,0
2023-12-10 13:20,0
2023-12-10 13:30,0
2023-12-10 13:40,0
2023-12-10 13:50,0
2023-12-10 14:00,0
2023-12-10 14:10,0
2023-12-10 14:20,0
2023-12-10 14:30,0
2023-12-10 14:40,0
2023-12-10 14:50,0
2023-12-10 15:00,0
2023-12-10 15:10,0
2023-12-10 15:20,0
2023-12-10 15:30,0
2023-12-10 15:40,0
2023-12-10 15:50,0
2023-12-10 16:00,0
2023-12-10 16:10,0
2023-12-10 16:20,0
2023-12-10 16:30,0
2023-12-10 16:40,0
2023-12-10 16:50,0
2023-12-10 17:00,0
2023-12-10 17:10,0
2023-12-10 17:20,0
2023-12-10 17:30,0
2023-12-10 17:40,0
2023-12-10 17:50,0
2023-12-10 18:00,0
2023-12-10 18:10,0
2023-12-10 18:20,0
2023-12-10 18:30,0
2023-12-10 18:40,0
2023-12-10 18:50,0
2023-12-10 19:00,0
2023-12-10 19:10,0
2023-12-10 19:20,0
2023-12-10 19:30,0
2023-12-10 19:40,0
2023-12-10 19:50,0
2023-12-10 20:00,0
2023-12-10 20:10,0
2023-12-10 20:20,0
2023-12-10 20:30,0
2023-12-10 20:40,0
2023-12-10 20:50,0
2023-12-10 21:00,0
2023-12-10 21:10,0
2023-12-10 21:20,0
2023-12-10 21:30,0
2023-12-10 21:40,0
2023-12-10 21:50,0
2023-12-10 22:00,0
2023-12-10 22:10,0
2023-12-10 22:20,0
2023-12-10 22:30,0
2023-12-10 22:40,0
2023-12-10 22:50,0
2023-12-10 23:00,0
2023-12-10 23:10,0
2023-12-10 23:20,0
2023-12-10 23:30,0
2023-12-10 23:40,0
2023-12-10 23:50,0
2023-12-11 0:00,0
2023-12-11 0:10,0
2023-12-11 0:20,0
2023-12-11 0:30,0
2023-12-11 0:40,0
2023-12-11 0:50,0
2023-12-11 1:00,0
2023-12-11 1:10,0
2023-12-11 1:20,0
2023-12-11 1:30,0
2023-12-11 1:40,0
2023-12-11 1:50,0
2023-12-11 2:00,0
2023-12-11 2:10,0
2023-12-11 2:20,0
2023-12-11 2:30,0
2023-12-11 2:40,0
2023-12-11 2:50,0
2023-12-11 3:00,0
2023-12-11 3:10,0
2023-12-11 3:20,0
2023-12-11 3:30,0
2023-12-11 3:40,0
2023-12-11 3:50,0
2023-12-11 4:00,0
2023-12-11 4:10,0
2023-12-11 4:20,0
2023-12-11 4:30,0
2023-12-11 4:40,0
2023-12-11 4:50,0
2023-12-11 5:00,0
2023-12-11 5:10,0
2023-12-11 5:20,0
2023-12-11 5:30,0
2023-12-11 5:40,0
2023-12-11 5:50,0
2023-12-11 6:00,0
2023-12-11 6:10,0
2023-12-11 6:20,0
2023-12-11 6:30,0
2023-12-11 6:40,0
2023-12-11 6:50,0
2023-12-11 7:00,0
2023-12-11 7:10,0
2023-12-11 7:20,0
2023-12-11 7:30,0
2023-12-11 7:40,0
2023-12-11 7:50,0
2023-12-11 8:00,0
2023-12-11 8:10,0
2023-12-11 8:20,0
2023-12-11 8:30,0
2023-12-11 8:40,0
2023-12-11 8:50,0
2023-12-11 9:00,0
2023-12-11 9:10,0
2023-12-11 9:20,0
2023-12-11 9:30,0
2023-12-11 9:40,0
2023-12-11 9:50,0
2023-12-11 10:00,0
2023-12-11 10:10,0
2023-12-11 10:20,0
2023-12-11 10:30,0
2023-12-11 10:40,0
2023-12-11 10:50,0
2023-12-11 11:00,0
2023-12-11 11:10,0
2023-12-11 11:20,0
2023-12-11 11:30,0
2023-12-11 11:40,0
2023-12-11 11:50,0
2023-12-11 12:00,0
2023-12-11 12:10,0
2023-12-11 12:20,0
2023-12-11 12:30,0
2023-12-11 12:40,0
2023-12-11 12:50,0
2023-12-11 13:00,0
2023-12-11 13:10,0
2023-12-11 13:20,0
2023-12-11 13:30,0
2023-12-11 13:40,0
2023-12-11 13:50,0
2023-12-11 14:00,0
2023-12-11 14:10,0
2023-12-11 14:20,0
2023-12-11 14:30,0
2023-12-11 14:40,0
2023-12-11 14:50,0
2023-12-11 15:00,0
2023-12-11 15:10,0
2023-12-11 15:20,0
2023-12-11 15:30,0
2023-12-11 15:40,0
2023-12-11 15:50,0
2023-12-11 16:00,0
2023-12-11 16:10,0
2023-12-11 16:20,0
2023-12-11 16:30,0
2023-12-11 16:40,0
2023-12-11 16:50,0
2023-12-11 17:00,0
2023-12-11 17:10,0
2023-12-11 17:20,0
2023-12-11 17:30,0
2023-12-11 17:40,0
2023-12-11 17:50,0
2023-12-11 18:00,0
2023-12-11 18:10,0
2023-12-11 18:20,0
2023-12-11 18:30,0
2023-12-11 18:40,0
2023-12-11 18:50,0
2023-12-11 19:00,0
2023-12-11 19:10,0
2023-12-11 19:20,0
2023-12-11 19:30,0
2023-12-11 19:40,0
2023-12-11 19:50,0
2023-12-11 20:00,0
2023-12-11 20:10,0
2023-12-11 20:20,0
2023-12-11 20:30,0
2023-12-11 20:40,0
2023-12-11 20:50,0
2023-12-11 21:00,0
2023-12-11 21:10,0
2023-12-11 21:20,0
2023-12-11 21:30,0
2023-12-11 21:40,0
2023-12-11 21:50,0
2023-12-11 22:00,0
2023-12-11 22:10,0
2023-12-11 22:20,0
2023-12-11 22:30,0
2023-12-11 22:40,0
2023-12-11 22:50,0
2023-12-11 23:00,0
2023-12-11 23:10,0
2023-12-11 23:20,0
2023-12-11 23:30,0
2023-12-11 23:40,0
2023-12-11 23:50,0
2023-12-12 0:00,0
2023-12-12 0:10,0
2023-12-12 0:20,0
2023-12-12 0:30,0
2023-12-12 0:40,0
2023-12-12 0:50,0
2023-12-12 1:00,0
2023-12-12 1:10,0
2023-12-12 1:20,0
2023-12-12 1:30,0
2023-12-12 1:40,0
2023-12-12 1:50,0
2023-12-12 2:00,0
2023-12-12 2:10,0
2023-12-12 2:20,0
2023-12-12 2:30,0
2023-12-12 2:40,0
2023-12-12 2:50,0
2023-12-12 3:00,0
2023-12-12 3:10,0
2023-12-12 3:20,0
2023-12-12 3:30,0
2023-12-12 3:40,0
2023-12-12 3:50,0
2023-12-12 4:00,0
2023-12-12 4:10,0
2023-12-12 4:20,0
2023-12-12 4:30,0
2023-12-12 4:40,0
2023-12-12 4:50,0
2023-12-12 5:00,0
2023-12-12 5:10,0
2023-12-12 5:20,0
2023-12-12 5:30,0
2023-12-12 5:40,0
2023-12-12 5:50,0
2023-12-12 6:00,0
2023-12-12 6:10,0
2023-12-12 6:20,0
2023-12-12 6:30,0
2023-12-12 6:40,0
2023-12-12 6:50,0
2023-12-12 7:00,0
2023-12-12 7:10,0
2023-12-12 7:20,0
2023-12-12 7:30,0
2023-12-12 7:40,0
2023-12-12 7:50,0
2023-12-12 8:00,0
2023-12-12 8:10,0
2023-12-12 8:20,0
2023-12-12 8:30,0
2023-12-12 8:40,0
2023-12-12 8:50,0
2023-12-12 9:00,0
2023-12-12 9:10,0
2023-12-12 9:20,0
2023-12-12 9:30,0
2023-12-12 9:40,0
2023-12-12 9:50,0
2023-12-12 10:00,0
2023-12-12 10:10,0
2023-12-12 10:20,0
2023-12-12 10:30,0
2023-12-12 10:40,0
2023-12-12 10:50,0
2023-12-12 11:00,0
2023-12-12 11:10,0
2023-12-12 11:20,0
2023-12-12 11:30,0
2023-12-12 11:40,0
2023-12-12 11:50,0
2023-12-12 12:00,0
2023-12-12 12:10,0
2023-12-12 12:20,0
2023-12-12 12:30,0
2023-12-12 12:40,0
2023-12-12 12:50,0
2023-12-12 13:00,0
2023-12-12 13:10,0
2023-12-12 13:20,0
2023-12-12 13:30,0
2023-12-12 13:40,0
2023-12-12 13:50,0
2023-12-12 14:00,0
2023-12-12 14:10,0
2023-12-12 14:20,0
2023-12-12 14:30,0
2023-12-12 14:40,0
2023-12-12 14:50,0
2023-12-12 15:00,0
2023-12-12 15:10,0
2023-12-12 15:20,0
2023-12-12 15:30,0
2023-12-12 15:40,0
2023-12-12 15:50,0
2023-12-12 16:00,0
2023-12-12 16:10,0
2023-12-12 16:20,0
2023-12-12 16:30,0
2023-12-12 16:40,0
2023-12-12 16:50,0
2023-12-12 17:00,0
2023-12-12 17:10,0
2023-12-12 17:20,0
2023-12-12 17:30,0
2023-12-12 17:40,0
2023-12-12 17:50,0
2023-12-12 18:00,0
2023-12-12 18:10,0
2023-12-12 18:20,0
2023-12-12 18:30,0
2023-12-12 18:40,0
2023-12-12 18:50,0
2023-12-12 19:00,0
2023-12-12 19:10,0
2023-12-12 19:20,0
2023-12-12 19:30,0
2023-12-12 19:40,0
2023-12-12 19:50,0
2023-12-12 20:00,0
2023-12-12 20:10,0
2023-12-12 20:20,0
2023-12-12 20:30,0
2023-12-12 20:40,0
2023-12-12 20:50,0
2023-12-12 21:00,0
2023-12-12 21:10,0
2023-12-12 21:20,0
2023-12-12 21:30,0
2023-12-12 21:40,0
2023-12-12 21:50,0
2023-12-12 22:00,0
2023-12-12 22:10,0
2023-12-12 22:20,0
2023-12-12 22:30,0
2023-12-12 22:40,0
2023-12-12 22:50,0
2023-12-12 23:00,0
2023-12-12 23:10,0
2023-12-12 23:20,0
2023-12-12 23:30,0
2023-12-12 23:40,0
2023-12-12 23:50,0
2023-12-13 0:00,0
2023-12-13 0:10,0
2023-12-13 0:20,0
2023-12-13 0:30,0
2023-12-13 0:40,0
2023-12-13 0:50,0
2023-12-13 1:00,0
2023-12-13 1:10,0
2023-12-13 1:20,0
2023-12-13 1:30,0
2023-12-13 1:40,0
2023-12-13 1:50,0
2023-12-13 2:00,0
2023-12-13 2:10,0
2023-12-13 2:20,0
2023-12-13 2:30,0
2023-12-13 2:40,0
2023-12-13 2:50,0
2023-12-13 3:00,0
2023-12-13 3:10,0
2023-12-13 3:20,0
2023-12-13 3:30,0
2023-12-13 3:40,0
2023-12-13 3:50,0
2023-12-13 4:00,0
2023-12-13 4:10,0
2023-12-13 4:20,0
2023-12-13 4:30,0
2023-12-13 4:40,0
2023-12-13 4:50,0
2023-12-13 5:00,0
2023-12-13 5:10,0
2023-12-13 5:20,0
2023-12-13 5:30,0
2023-12-13 5:40,0
2023-12-13 5:50,0
2023-12-13 6:00,0
2023-12-13 6:10,0
2023-12-13 6:20,0
2023-12-13 6:30,0
2023-12-13 6:40,0
2023-12-13 6:50,0
2023-12-13 7:00,0
2023-12-13 7:10,0
2023-12-13 7:20,0
2023-12-13 7:30,0
2023-12-13 7:40,0
2023-12-13 7:50,0
2023-12-13 8:00,0
2023-12-13 8:10,0
2023-12-13 8:20,0
2023-12-13 8:30,0
2023-12-13 8:40,0
2023-12-13 8:50,0
2023-12-13 9:00,0
2023-12-13 9:10,0
2023-12-13 9:20,0
2023-12-13 9:30,0
2023-12-13 9:40,0
2023-12-13 9:50,0
2023-12-13 10:00,0
2023-12-13 10:10,0
2023-12-13 10:20,0
2023-12-13 10:30,0
2023-12-13 10:40,0
2023-12-13 10:50,0
2023-12-13 11:00,0
2023-12-13 11:10,0
2023-12-13 11:20,0
2023-12-13 11:30,0
2023-12-13 11:40,0
2023-12-13 11:50,0
2023-12-13 12:00,0
2023-12-13 12:10,0
2023-12-13 12:20,0
2023-12-13 12:30,0
2023-12-13 12:40,0
2023-12-13 12:50,0
2023-12-13 13:00,0
2023-12-13 13:10,0
2023-12-13 13:20,0
2023-12-13 13:30,0
2023-12-13 13:40,0
2023-12-13 13:50,0
2023-12-13 14:00,0
2023-12-13 14:10,0
2023-12-13 14:20,0
2023-12-13 14:30,0
2023-12-13 14:40,0
2023-12-13 14:50,0
2023-12-13 15:00,0
2023-12-13 15:10,0
2023-12-13 15:20,0
2023-12-13 15:30,0
2023-12-13 15:40,0
2023-12-13 15:50,0
2023-12-13 16:00,0
2023-12-13 16:10,0
2023-12-13 16:20,0
2023-12-13 16:30,0
2023-12-13 16:40,0
2023-12-13 16:50,0
2023-12-13 17:00,0
2023-12-13 17:10,0
2023-12-13 17:20,0
2023-12-13 17:30,0
2023-12-13 17:40,0
2023-12-13 17:50,0
2023-12-13 18:00,0
2023-12-13 18:10,0
2023-12-13 18:20,0
2023-12-13 18:30,0
2023-12-13 18:40,0
2023-12-13 18:50,0
2023-12-13 19:00,0
2023-12-13 19:10,0
2023-12-13 19:20,0
2023-12-13 19:30,0
2023-12-13 19:40,0
2023-12-13 19:50,0
2023-12-13 20:00,0
2023-12-13 20:10,0
2023-12-13 20:20,0
2023-12-13 20:30,0
2023-12-13 20:40,0
2023-12-13 20:50,0
2023-12-13 21:00,0
2023-12-13 21:10,0
2023-12-13 21:20,0
2023-12-13 21:30,0
2023-12-13 21:40,0
2023-12-13 21:50,0
2023-12-13 22:00,0
2023-12-13 22:10,0
2023-12-13 22:20,0
2023-12-13 22:30,0
2023-12-13 22:40,0
2023-12-13 22:50,0
2023-12-13 23:00,0
2023-12-13 23:10,0
2023-12-13 23:20,0
2023-12-13 23:30,0
2023-12-13 23:40,0
2023-12-13 23:50,0
2023-12-14 0:00,0
2023-12-14 0:10,0
2023-12-14 0:20,0
2023-12-14 0:30,0
2023-12-14 0:40,0
2023-12-14 0:50,0
2023-12-14 1:00,0
2023-12-14 1:10,0
2023-12-14 1:20,0
2023-12-14 1:30,0
2023-12-14 1:40,0
2023-12-14 1:50,0
2023-12-14 2:00,0
2023-12-14 2:10,0
2023-12-14 2:20,0
2023-12-14 2:30,0
2023-12-14 2:40,0
2023-12-14 2:50,0
2023-12-14 3:00,0
2023-12-14 3:10,0
2023-12-14 3:20,0
2023-12-14 3:30,0
2023-12-14 3:40,0
2023-12-14 3:50,0
2023-12-14 4:00,0
2023-12-14 4:10,0
2023-12-14 4:20,0
2023-12-14 4:30,0
2023-12-14 4:40,0
2023-12-14 4:50,0
2023-12-14 5:00,0
2023-12-14 5:10,0
2023-12-14 5:20,0
2023-12-14 5:30,0
2023-12-14 5:40,0
2023-12-14 5:50,0
2023-12-14 6:00,0
2023-12-14 6:10,0
2023-12-14 6:20,0
2023-12-14 6:30,0
2023-12-14 6:40,0
2023-12-14 6:50,0
2023-12-14 7:00,0
2023-12-14 7:10,0
2023-12-14 7:20,0
2023-12-14 7:30,0
2023-12-14 7:40,0
2023-12-14 7:50,0
2023-12-14 8:00,0
2023-12-14 8:10,0
2023-12-14 8:20,0
2023-12-14 8:30,0
2023-12-14 8:40,0
2023-12-14 8:50,0
2023-12-14 9:00,0
2023-12-14 9:10,0
2023-12-14 9:20,0
2023-12-14 9:30,0
2023-12-14 9:40,0
2023-12-14 9:50,0
2023-12-14 10:00,0
2023-12-14 10:10,0
2023-12-14 10:20,0
2023-12-14 10:30,0
2023-12-14 10:40,0
2023-12-14 10:50,0
2023-12-14 11:00,0
2023-12-14 11:10,0
2023-12-14 11:20,0
2023-12-14 11:30,0
2023-12-14 11:40,0
2023-12-14 11:50,0
2023-12-14 12:00,0
2023-12-14 12:10,0
2023-12-14 12:20,0
2023-12-14 12:30,0
2023-12-14 12:40,0
2023-12-14 12:50,0
2023-12-14 13:00,0
2023-12-14 13:10,0
2023-12-14 13:20,0
2023-12-14 13:30,0
2023-12-14 13:40,0
2023-12-14 13:50,0
2023-12-14 14:00,0
2023-12-14 14:10,0
2023-12-14 14:20,0
2023-12-14 14:30,0
2023-12-14 14:40,0
2023-12-14 14:50,0
2023-12-14 15:00,0
2023-12-14 15:10,0
2023-12-14 15:20,0
2023-12-14 15:30,0
2023-12-14 15:40,0
2023-12-14 15:50,0
2023-12-14 16:00,0
2023-12-14 16:10,0
2023-12-14 16:20,0
2023-12-14 16:30,0
2023-12-14 16:40,0
2023-12-14 16:50,0
2023-12-14 17:00,0
2023-12-14 17:10,0
2023-12-14 17:20,0
2023-12-14 17:30,0
2023-12-14 17:40,0
2023-12-14 17:50,0
2023-12-14 18:00,0
2023-12-14 18:10,0
2023-12-14 18:20,0
2023-12-14 18:30,0
2023-12-14 18:40,0
2023-12-14 18:50,0
2023-12-14 19:00,0
2023-12-14 19:10,0
2023-12-14 19:20,0
2023-12-14 19:30,0
2023-12-14 19:40,0
2023-12-14 19:50,0
2023-12-14 20:00,0
2023-12-14 20:10,0
2023-12-14 20:20,0
2023-12-14 20:30,0
2023-12-14 20:40,0
2023-12-14 20:50,0
2023-12-14 21:00,0
2023-12-14 21:10,0
2023-12-14 21:20,0
2023-12-14 21:30,0
2023-12-14 21:40,0
2023-12-14 21:50,0
2023-12-14 22:00,0
2023-12-14 22:10,0
2023-12-14 22:20,0
2023-12-14 22:30,0
2023-12-14 22:40,0
2023-12-14 22:50,0
2023-12-14 23:00,0
2023-12-14 23:10,0
2023-12-14 23:20,0
2023-12-14 23:30,0
2023-12-14 23:40,0
2023-12-14 23:50,0
2023-12-15 0:00,0
2023-12-15 0:10,0
2023-12-15 0:20,0
2023-12-15 0:30,0
2023-12-15 0:40,0
2023-12-15 0:50,0
2023-12-15 1:00,0
2023-12-15 1:10,0
2023-12-15 1:20,0
2023-12-15 1:30,0
2023-12-15 1:40,0
2023-12-15 1:50,0
2023-12-15 2:00,0
2023-12-15 2:10,0
2023-12-15 2:20,0
2023-12-15 2:30,0
2023-12-15 2:40,0
2023-12-15 2:50,0
2023-12-15 3:00,0
2023-12-15 3:10,0
2023-12-15 3:20,0
2023-12-15 3:30,0
2023-12-15 3:40,0
2023-12-15 3:50,0
2023-12-15 4:00,0
2023-12-15 4:10,0
2023-12-15 4:20,0
2023-12-15 4:30,0
2023-12-15 4:40,0
2023-12-15 4:50,0
2023-12-15 5:00,0
2023-12-15 5:10,0
2023-12-15 5:20,0
2023-12-15 5:30,0
2023-12-15 5:40,0
2023-12-15 5:50,0
2023-12-15 6:00,0
2023-12-15 6:10,0
2023-12-15 6:20,0
2023-12-15 6:30,0
2023-12-15 6:40,0
2023-12-15 6:50,0
2023-12-15 7:00,0
2023-12-15 7:10,0
2023-12-15 7:20,0
2023-12-15 7:30,0
2023-12-15 7:40,0
2023-12-15 7:50,0
2023-12-15 8:00,0
2023-12-15 8:10,0
2023-12-15 8:20,0
2023-12-15 8:30,0
2023-12-15 8:40,0
2023-12-15 8:50,0
2023-12-15 9:00,0
2023-12-15 9:10,0
2023-12-15 9:20,0
2023-12-15 9:30,0
2023-12-15 9:40,0
2023-12-15 9:50,0
2023-12-15 10:00,0
2023-12-15 10:10,0
2023-12-15 10:20,0
2023-12-15 10:30,0
2023-12-15 10:40,0
2023-12-15 10:50,0
2023-12-15 11:00,0
2023-12-15 11:10,0
2023-12-15 11:20,0
2023-12-15 11:30,0
2023-12-15 11:40,0
2023-12-15 11:50,0
2023-12-15 12:00,0
2023-12-15 12:10,0
2023-12-15 12:20,0
2023-12-15 12:30,0
2023-12-15 12:40,0
2023-12-15 12:50,0
2023-12-15 13:00,0
2023-12-15 13:10,0
2023-12-15 13:20,0
2023-12-15 13:30,0
2023-12-15 13:40,0
2023-12-15 13:50,0
2023-12-15 14:00,0
2023-12-15 14:10,0
2023-12-15 14:20,0
2023-12-15 14:30,0
2023-12-15 14:40,0
2023-12-15 14:50,0
2023-12-15 15:00,0
2023-12-15 15:10,0
2023-12-15 15:20,0
2023-12-15 15:30,0
2023-12-15 15:40,0
2023-12-15 15:50,0
2023-12-15 16:00,0
2023-12-15 16:10,0
2023-12-15 16:20,0
2023-12-15 16:30,0
2023-12-15 16:40,0
2023-12-15 16:50,0
2023-12-15 17:00,0
2023-12-15 17:10,0
2023-12-15 17:20,0
2023-12-15 17:30,0
2023-12-15 17:40,0
2023-12-15 17:50,0
2023-12-15 18:00,0
2023-12-15 18:10,0
2023-12-15 18:20,0
2023-12-15 18:30,0
2023-12-15 18:40,0
2023-12-15 18:50,0
2023-12-15 19:00,0
2023-12-15 19:10,0
2023-12-15 19:20,0
2023-12-15 19:30,0
2023-12-15 19:40,0
2023-12-15 19:50,0
2023-12-15 20:00,0
2023-12-15 20:10,0
2023-12-15 20:20,0
2023-12-15 20:30,0
2023-12-15 20:40,0
2023-12-15 20:50,0
2023-12-15 21:00,0
2023-12-15 21:10,0
2023-12-15 21:20,0
2023-12-15 21:30,0
2023-12-15 21:40,0
2023-12-15 21:50,0
2023-12-15 22:00,0
2023-12-15 22:10,0
2023-12-15 22:20,0
2023-12-15 22:30,0
2023-12-15 22:40,0
2023-12-15 22:50,0
2023-12-15 23:00,0
2023-12-15 23:10,0
2023-12-15 23:20,0
2023-12-15 23:30,0
2023-12-15 23:40,0
2023-12-15 23:50,0
2023-12-16 0:00,0
2023-12-16 0:10,0
2023-12-16 0:20,0
2023-12-16 0:30,0
2023-12-16 0:40,0
2023-12-16 0:50,0
2023-12-16 1:00,0
2023-12-16 1:10,0
2023-12-16 1:20,0
2023-12-16 1:30,0
2023-12-16 1:40,0
2023-12-16 1:50,0
2023-12-16 2:00,0
2023-12-16 2:10,0
2023-12-16 2:20,0
2023-12-16 2:30,0
2023-12-16 2:40,0
2023-12-16 2:50,0
2023-12-16 3:00,0
2023-12-16 3:10,0
2023-12-16 3:20,0
2023-12-16 3:30,0
2023-12-16 3:40,0
2023-12-16 3:50,0
2023-12-16 4:00,0
2023-12-16 4:10,0
2023-12-16 4:20,0
2023-12-16 4:30,0
2023-12-16 4:40,0
2023-12-16 4:50,0
2023-12-16 5:00,0
2023-12-16 5:10,0
2023-12-16 5:20,0
2023-12-16 5:30,0
2023-12-16 5:40,0
2023-12-16 5:50,0
2023-12-16 6:00,0
2023-12-16 6:10,0
2023-12-16 6:20,0
2023-12-16 6:30,0
2023-12-16 6:40,0
2023-12-16 6:50,0
2023-12-16 7:00,0
2023-12-16 7:10,0
2023-12-16 7:20,0
2023-12-16 7:30,0
2023-12-16 7:40,0
2023-12-16 7:50,0
2023-12-16 8:00,0
2023-12-16 8:10,0
2023-12-16 8:20,0
2023-12-16 8:30,0
2023-12-16 8:40,0
2023-12-16 8:50,0
2023-12-16 9:00,0
2023-12-16 9:10,0
2023-12-16 9:20,0
2023-12-16 9:30,0
2023-12-16 9:40,0
2023-12-16 9:50,0
2023-12-16 10:00,0
2023-12-16 10:10,0
2023-12-16 10:20,0
2023-12-16 10:30,0
2023-12-16 10:40,0
2023-12-16 10:50,0
2023-12-16 11:00,0
2023-12-16 11:10,0
2023-12-16 11:20,0
2023-12-16 11:30,0
2023-12-16 11:40,0
2023-12-16 11:50,0
2023-12-16 12:00,0
2023-12-16 12:10,0
2023-12-16 12:20,0
2023-12-16 12:30,0
2023-12-16 12:40,0
2023-12-16 12:50,0
2023-12-16 13:00,0
2023-12-16 13:10,0
2023-12-16 13:20,0
2023-12-16 13:30,0
2023-12-16 13:40,0
2023-12-16 13:50,0
2023-12-16 14:00,0
2023-12-16 14:10,0
2023-12-16 14:20,0
2023-12-16 14:30,0
2023-12-16 14:40,0
2023-12-16 14:50,0
2023-12-16 15:00,0
2023-12-16 15:10,0
2023-12-16 15:20,0
2023-12-16 15:30,0
2023-12-16 15:40,0
2023-12-16 15:50,0
2023-12-16 16:00,0
2023-12-16 16:10,0
2023-12-16 16:20,0
2023-12-16 16:30,0
2023-12-16 16:40,0
2023-12-16 16:50,0
2023-12-16 17:00,0
2023-12-16 17:10,0
2023-12-16 17:20,0
2023-12-16 17:30,0
2023-12-16 17:40,0
2023-12-16 17:50,0
2023-12-16 18:00,0
2023-12-16 18:10,0
2023-12-16 18:20,0
2023-12-16 18:30,0
2023-12-16 18:40,0
2023-12-16 18:50,0
2023-12-16 19:00,0
2023-12-16 19:10,0
2023-12-16 19:20,0
2023-12-16 19:30,0
2023-12-16 19:40,0
2023-12-16 19:50,0
2023-12-16 20:00,0
2023-12-16 20:10,0
2023-12-16 20:20,0
2023-12-16 20:30,0
2023-12-16 20:40,0
2023-12-16 20:50,0
2023-12-16 21:00,0
2023-12-16 21:10,0
2023-12-16 21:20,0
2023-12-16 21:30,0
2023-12-16 21:40,0
2023-12-16 21:50,0
2023-12-16 22:00,0
2023-12-16 22:10,0
2023-12-16 22:20,0
2023-12-16 22:30,0
2023-12-16 22:40,0
2023-12-16 22:50,0
2023-12-16 23:00,0
2023-12-16 23:10,0
2023-12-16 23:20,0
2023-12-16 23:30,0
2023-12-16 23:40,0
2023-12-16 23:50,0
2023-12-17 0:00,0
2023-12-17 0:10,0
2023-12-17 0:20,0
2023-12-17 0:30,0
2023-12-17 0:40,0
2023-12-17 0:50,0
2023-12-17 1:00,0
2023-12-17 1:10,0
2023-12-17 1:20,0
2023-12-17 1:30,0
2023-12-17 1:40,0
2023-12-17 1:50,0
2023-12-17 2:00,0
2023-12-17 2:10,0
2023-12-17 2:20,0
2023-12-17 2:30,0
2023-12-17 2:40,0
2023-12-17 2:50,0
2023-12-17 3:00,0
2023-12-17 3:10,0
2023-12-17 3:20,0
2023-12-17 3:30,0
2023-12-17 3:40,0
2023-12-17 3:50,0
2023-12-17 4:00,0
2023-12-17 4:10,0
2023-12-17 4:20,0
2023-12-17 4:30,0
2023-12-17 4:40,0
2023-12-17 4:50,0
2023-12-17 5:00,0
2023-12-17 5:10,0
2023-12-17 5:20,0
2023-12-17 5:30,0
2023-12-17 5:40,0
2023-12-17 5:50,0
2023-12-17 6:00,0
2023-12-17 6:10,0
2023-12-17 6:20,0
2023-12-17 6:30,0
2023-12-17 6:40,0
2023-12-17 6:50,0
2023-12-17 7:00,0
2023-12-17 7:10,0
2023-12-17 7:20,0
2023-12-17 7:30,0
2023-12-17 7:40,0
2023-12-17 7:50,0
2023-12-17 8:00,0
2023-12-17 8:10,0
2023-12-17 8:20,0
2023-12-17 8:30,0
2023-12-17 8:40,0
2023-12-17 8:50,0
2023-12-17 9:00,0
2023-12-17 9:10,0
2023-12-17 9:20,0
2023-12-17 9:30,0
2023-12-17 9:40,0
2023-12-17 9:50,0
2023-12-17 10:00,0
2023-12-17 10:10,0
2023-12-17 10:20,0
2023-12-17 10:30,0
2023-12-17 10:40,0
2023-12-17 10:50,0
2023-12-17 11:00,0
2023-12-17 11:10,0
2023-12-17 11:20,0
2023-12-17 11:30,0
2023-12-17 11:40,0
2023-12-17 11:50,0
2023-12-17 12:00,0
2023-12-17 12:10,0
2023-12-17 12:20,0
2023-12-17 12:30,0
2023-12-17 12:40,0
2023-12-17 12:50,0
2023-12-17 13:00,0
2023-12-17 13:10,0
2023-12-17 13:20,0
2023-12-17 13:30,0
2023-12-17 13:40,0
2023-12-17 13:50,0
2023-12-17 14:00,0
2023-12-17 14:10,0
2023-12-17 14:20,0
2023-12-17 14:30,0
2023-12-17 14:40,0
2023-12-17 14:50,0
2023-12-17 15:00,0
2023-12-17 15:10,0
2023-12-17 15:20,0
2023-12-17 15:30,0
2023-12-17 15:40,0
2023-12-17 15:50,0
2023-12-17 16:00,0
2023-12-17 16:10,0
2023-12-17 16:20,0
2023-12-17 16:30,0
2023-12-17 16:40,0
2023-12-17 16:50,0
2023-12-17 17:00,0
2023-12-17 17:10,0
2023-12-17 17:20,0
2023-12-17 17:30,0
2023-12-17 17:40,0
2023-12-17 17:50,0
2023-12-17 18:00,0
2023-12-17 18:10,0
2023-12-17 18:20,0
2023-12-17 18:30,0
2023-12-17 18:40,0
2023-12-17 18:50,0
2023-12-17 19:00,0
2023-12-17 19:10,0
2023-12-17 19:20,0
2023-12-17 19:30,0
2023-12-17 19:40,0
2023-12-17 19:50,0
2023-12-17 20:00,0
2023-12-17 20:10,0
2023-12-17 20:20,0
2023-12-17 20:30,0
2023-12-17 20:40,0
2023-12-17 20:50,0
2023-12-17 21:00,0
2023-12-17 21:10,0
2023-12-17 21:20,0
2023-12-17 21:30,0
2023-12-17 21:40,0
2023-12-17 21:50,0
2023-12-17 22:00,0
2023-12-17 22:10,0
2023-12-17 22:20,0
2023-12-17 22:30,0
2023-12-17 22:40,0
2023-12-17 22:50,0
2023-12-17 23:00,0
2023-12-17 23:10,0
2023-12-17 23:20,0
2023-12-17 23:30,0
2023-12-17 23:40,0
2023-12-17 23:50,0
2023-12-18 0:00,0
2023-12-18 0:10,0
2023-12-18 0:20,0
2023-12-18 0:30,0
2023-12-18 0:40,0
2023-12-18 0:50,0
2023-12-18 1:00,0
2023-12-18 1:10,0
2023-12-18 1:20,0
2023-12-18 1:30,0
2023-12-18 1:40,0
2023-12-18 1:50,0
2023-12-18 2:00,0
2023-12-18 2:10,0
2023-12-18 2:20,0
2023-12-18 2:30,0
2023-12-18 2:40,0
2023-12-18 2:50,0
2023-12-18 3:00,0
2023-12-18 3:10,0
2023-12-18 3:20,0
2023-12-18 3:30,0
2023-12-18 3:40,0
2023-12-18 3:50,0
2023-12-18 4:00,0
2023-12-18 4:10,0
2023-12-18 4:20,0
2023-12-18 4:30,0
2023-12-18 4:40,0
2023-12-18 4:50,0
2023-12-18 5:00,0
2023-12-18 5:10,0
2023-12-18 5:20,0
2023-12-18 5:30,0
2023-12-18 5:40,0
2023-12-18 5:50,0
2023-12-18 6:00,0
2023-12-18 6:10,0
2023-12-18 6:20,0
2023-12-18 6:30,0
2023-12-18 6:40,0
2023-12-18 6:50,0
2023-12-18 7:00,0
2023-12-18 7:10,0
2023-12-18 7:20,0
2023-12-18 7:30,0
2023-12-18 7:40,0
2023-12-18 7:50,0
2023-12-18 8:00,0
2023-12-18 8:10,0
2023-12-18 8:20,0
2023-12-18 8:30,0
2023-12-18 8:40,0
2023-12-18 8:50,0
2023-12-18 9:00,0
2023-12-18 9:10,0
2023-12-18 9:20,0
2023-12-18 9:30,0
2023-12-18 9:40,0
2023-12-18 9:50,0
2023-12-18 10:00,0
2023-12-18 10:10,0
2023-12-18 10:20,0
2023-12-18 10:30,0
2023-12-18 10:40,0
2023-12-18 10:50,0
2023-12-18 11:00,0
2023-12-18 11:10,0
2023-12-18 11:20,0
2023-12-18 11:30,0
2023-12-18 11:40,0
2023-12-18 11:50,0
2023-12-18 12:00,0
2023-12-18 12:10,0
2023-12-18 12:20,0
2023-12-18 12:30,0
2023-12-18 12:40,0
2023-12-18 12:50,0
2023-12-18 13:00,0
2023-12-18 13:10,0
2023-12-18 13:20,0
2023-12-18 13:30,0
2023-12-18 13:40,0
2023-12-18 13:50,0
2023-12-18 14:00,0
2023-12-18 14:10,0
2023-12-18 14:20,0
2023-12-18 14:30,0
2023-12-18 14:40,0
2023-12-18 14:50,0
2023-12-18 15:00,0
2023-12-18 15:10,0
2023-12-18 15:20,0
2023-12-18 15:30,0
2023-12-18 15:40,0
2023-12-18 15:50,0
2023-12-18 16:00,0
2023-12-18 16:10,0
2023-12-18 16:20,0
2023-12-18 16:30,0
2023-12-18 16:40,0
2023-12-18 16:50,0
2023-12-18 17:00,0
2023-12-18 17:10,0
2023-12-18 17:20,0
2023-12-18 17:30,0
2023-12-18 17:40,0
2023-12-18 17:50,0
2023-12-18 18:00,0
2023-12-18 18:10,0
2023-12-18 18:20,0
2023-12-18 18:30,0
2023-12-18 18:40,0
2023-12-18 18:50,0
2023-12-18 19:00,0
2023-12-18 19:10,0
2023-12-18 19:20,0
2023-12-18 19:30,0
2023-12-18 19:40,0
2023-12-18 19:50,0
2023-12-18 20:00,0
2023-12-18 20:10,0
2023-12-18 20:20,0
2023-12-18 20:30,0
2023-12-18 20:40,0
2023-12-18 20:50,0
2023-12-18 21:00,0
2023-12-18 21:10,0
2023-12-18 21:20,0
2023-12-18 21:30,0
2023-12-18 21:40,0
2023-12-18 21:50,0
2023-12-18 22:00,0
2023-12-18 22:10,0
2023-12-18 22:20,0
2023-12-18 22:30,0
2023-12-18 22:40,0
2023-12-18 22:50,0
2023-12-18 23:00,0
2023-12-18 23:10,0
2023-12-18 23:20,0
2023-12-18 23:30,0
2023-12-18 23:40,0
2023-12-18 23:50,0
2023-12-19 0:00,0
2023-12-19 0:10,0
2023-12-19 0:20,0
2023-12-19 0:30,0
2023-12-19 0:40,0
2023-12-19 0:50,0
2023-12-19 1:00,0
2023-12-19 1:10,0
2023-12-19 1:20,0
2023-12-19 1:30,0
2023-12-19 1:40,0
2023-12-19 1:50,0
2023-12-19 2:00,0
2023-12-19 2:10,0
2023-12-19 2:20,0
2023-12-19 2:30,0
2023-12-19 2:40,0
2023-12-19 2:50,0
2023-12-19 3:00,0
2023-12-19 3:10,0
2023-12-19 3:20,0
2023-12-19 3:30,0
2023-12-19 3:40,0
2023-12-19 3:50,0
2023-12-19 4:00,0
2023-12-19 4:10,0
2023-12-19 4:20,0
2023-12-19 4:30,0
2023-12-19 4:40,0
2023-12-19 4:50,0
2023-12-19 5:00,0
2023-12-19 5:10,0
2023-12-19 5:20,0
2023-12-19 5:30,0
2023-12-19 5:40,0
2023-12-19 5:50,0
2023-12-19 6:00,0
2023-12-19 6:10,0
2023-12-19 6:20,0
2023-12-19 6:30,0
2023-12-19 6:40,0
2023-12-19 6:50,0
2023-12-19 7:00,0
2023-12-19 7:10,0
2023-12-19 7:20,0
2023-12-19 7:30,0
2023-12-19 7:40,0
2023-12-19 7:50,0
2023-12-19 8:00,0
2023-12-19 8:10,0
2023-12-19 8:20,0
2023-12-19 8:30,0
2023-12-19 8:40,0
2023-12-19 8:50,0
2023-12-19 9:00,0
2023-12-19 9:10,0
2023-12-19 9:20,0
2023-12-19 9:30,0
2023-12-19 9:40,0
2023-12-19 9:50,0
2023-12-19 10:00,0
2023-12-19 10:10,0
2023-12-19 10:20,0
2023-12-19 10:30,0
2023-12-19 10:40,0
2023-12-19 10:50,0
2023-12-19 11:00,0
2023-12-19 11:10,0
2023-12-19 11:20,0
2023-12-19 11:30,0
2023-12-19 11:40,0
2023-12-19 11:50,0
2023-12-19 12:00,0
2023-12-19 12:10,0
2023-12-19 12:20,0
2023-12-19 12:30,0
2023-12-19 12:40,0
2023-12-19 12:50,0
2023-12-19 13:00,0
2023-12-19 13:10,0
2023-12-19 13:20,0
2023-12-19 13:30,0
2023-12-19 13:40,0
2023-12-19 13:50,0
2023-12-19 14:00,0
2023-12-19 14:10,0
2023-12-19 14:20,0
2023-12-19 14:30,0
2023-12-19 14:40,0
2023-12-19 14:50,0
2023-12-19 15:00,0
2023-12-19 15:10,0
2023-12-19 15:20,0
2023-12-19 15:30,0
2023-12-19 15:40,0
2023-12-19 15:50,0
2023-12-19 16:00,0
2023-12-19 16:10,0
2023-12-19 16:20,0
2023-12-19 16:30,0
2023-12-19 16:40,0
2023-12-19 16:50,0
2023-12-19 17:00,0
2023-12-19 17:10,0
2023-12-19 17:20,0
2023-12-19 17:30,0
2023-12-19 17:40,0
2023-12-19 17:50,0
2023-12-19 18:00,0
2023-12-19 18:10,0
2023-12-19 18:20,0
2023-12-19 18:30,0
2023-12-19 18:40,0
2023-12-19 18:50,0
2023-12-19 19:00,0
2023-12-19 19:10,0
2023-12-19 19:20,0
2023-12-19 19:30,0
2023-12-19 19:40,0
2023-12-19 19:50,0
2023-12-19 20:00,0
2023-12-19 20:10,0
2023-12-19 20:20,0
2023-12-19 20:30,0
2023-12-19 20:40,0
2023-12-19 20:50,0
2023-12-19 21:00,0
2023-12-19 21:10,0
2023-12-19 21:20,0
2023-12-19 21:30,0
2023-12-19 21:40,0
2023-12-19 21:50,0
2023-12-19 22:00,0
2023-12-19 22:10,0
2023-12-19 22:20,0
2023-12-19 22:30,0
2023-12-19 22:40,0
2023-12-19 22:50,0
2023-12-19 23:00,0
2023-12-19 23:10,0
2023-12-19 23:20,0
2023-12-19 23:30,0
2023-12-19 23:40,0
2023-12-19 23:50,0
2023-12-20 0:00,0
2023-12-20 0:10,0
2023-12-20 0:20,0
2023-12-20 0:30,0
2023-12-20 0:40,0
2023-12-20 0:50,0
2023-12-20 1:00,0
2023-12-20 1:10,0
2023-12-20 1:20,0
2023-12-20 1:30,0
2023-12-20 1:40,0
2023-12-20 1:50,0
2023-12-20 2:00,0
2023-12-20 2:10,0
2023-12-20 2:20,0
2023-12-20 2:30,0
2023-12-20 2:40,0
2023-12-20 2:50,0
2023-12-20 3:00,0
2023-12-20 3:10,0
2023-12-20 3:20,0
2023-12-20 3:30,0
2023-12-20 3:40,0
2023-12-20 3:50,0
2023-12-20 4:00,0
2023-12-20 4:10,0
2023-12-20 4:20,0
2023-12-20 4:30,0
2023-12-20 4:40,0
2023-12-20 4:50,0
2023-12-20 5:00,0
2023-12-20 5:10,0
2023-12-20 5:20,0
2023-12-20 5:30,0
2023-12-20 5:40,0
2023-12-20 5:50,0
2023-12-20 6:00,0
2023-12-20 6:10,0
2023-12-20 6:20,0
2023-12-20 6:30,0
2023-12-20 6:40,0
2023-12-20 6:50,0
2023-12-20 7:00,0
2023-12-20 7:10,0
2023-12-20 7:20,0
2023-12-20 7:30,0
2023-12-20 7:40,0
2023-12-20 7:50,0
2023-12-20 8:00,0
2023-12-20 8:10,0
2023-12-20 8:20,0
2023-12-20 8:30,0
2023-12-20 8:40,0
2023-12-20 8:50,0
2023-12-20 9:00,0
2023-12-20 9:10,0
2023-12-20 9:20,0
2023-12-20 9:30,0
2023-12-20 9:40,0
2023-12-20 9:50,0
2023-12-20 10:00,0
2023-12-20 10:10,0
2023-12-20 10:20,0
2023-12-20 10:30,0
2023-12-20 10:40,0
2023-12-20 10:50,0
2023-12-20 11:00,0
2023-12-20 11:10,0
2023-12-20 11:20,0
2023-12-20 11:30,0
2023-12-20 11:40,0
2023-12-20 11:50,0
2023-12-20 12:00,0
2023-12-20 12:10,0
2023-12-20 12:20,0
2023-12-20 12:30,0
2023-12-20 12:40,0
2023-12-20 12:50,0
2023-12-20 13:00,0
2023-12-20 13:10,0
2023-12-20 13:20,0
2023-12-20 13:30,0
2023-12-20 13:40,0
2023-12-20 13:50,0
2023-12-20 14:00,0
2023-12-20 14:10,0
2023-12-20 14:20,0
2023-12-20 14:30,0
2023-12-20 14:40,0
2023-12-20 14:50,0
2023-12-20 15:00,0
2023-12-20 15:10,0
2023-12-20 15:20,0
2023-12-20 15:30,0
2023-12-20 15:40,0
2023-12-20 15:50,0
2023-12-20 16:00,0
2023-12-20 16:10,0
2023-12-20 16:20,0
2023-12-20 16:30,0
2023-12-20 16:40,0
2023-12-20 16:50,0
2023-12-20 17:00,0
2023-12-20 17:10,0
2023-12-20 17:20,0
2023-12-20 17:30,0
2023-12-20 17:40,0
2023-12-20 17:50,0
2023-12-20 18:00,0
2023-12-20 18:10,0
2023-12-20 18:20,0
2023-12-20 18:30,0
2023-12-20 18:40,0
2023-12-20 18:50,0
2023-12-20 19:00,0
2023-12-20 19:10,0
2023-12-20 19:20,0
2023-12-20 19:30,0
2023-12-20 19:40,0
2023-12-20 19:50,0
2023-12-20 20:00,0
2023-12-20 20:10,0
2023-12-20 20:20,0
2023-12-20 20:30,0
2023-12-20 20:40,0
2023-12-20 20:50,0
2023-12-20 21:00,0
2023-12-20 21:10,0
2023-12-20 21:20,0
2023-12-20 21:30,0
2023-12-20 21:40,0
2023-12-20 21:50,0
2023-12-20 22:00,0
2023-12-20 22:10,0
2023-12-20 22:20,0
2023-12-20 22:30,0
2023-12-20 22:40,0
2023-12-20 22:50,0
2023-12-20 23:00,0
2023-12-20 23:10,0
2023-12-20 23:20,0
2023-12-20 23:30,0
2023-12-20 23:40,0
2023-12-20 23:50,0
2023-12-21 0:00,0
2023-12-21 0:10,0
2023-12-21 0:20,0
2023-12-21 0:30,0
2023-12-21 0:40,0
2023-12-21 0:50,0
2023-12-21 1:00,0
2023-12-21 1:10,0
2023-12-21 1:20,0
2023-12-21 1:30,0
2023-12-21 1:40,0
2023-12-21 1:50,0
2023-12-21 2:00,0
2023-12-21 2:10,0
2023-12-21 2:20,0
2023-12-21 2:30,0
2023-12-21 2:40,0
2023-12-21 2:50,0
2023-12-21 3:00,0
2023-12-21 3:10,0
2023-12-21 3:20,0
2023-12-21 3:30,0
2023-12-21 3:40,0
2023-12-21 3:50,0
2023-12-21 4:00,0
2023-12-21 4:10,0
2023-12-21 4:20,0
2023-12-21 4:30,0
2023-12-21 4:40,0
2023-12-21 4:50,0
2023-12-21 5:00,0
2023-12-21 5:10,0
2023-12-21 5:20,0
2023-12-21 5:30,0
2023-12-21 5:40,0
2023-12-21 5:50,0
2023-12-21 6:00,0
2023-12-21 6:10,0
2023-12-21 6:20,0
2023-12-21 6:30,0
2023-12-21 6:40,0
2023-12-21 6:50,0
2023-12-21 7:00,0
2023-12-21 7:10,0
2023-12-21 7:20,0
2023-12-21 7:30,0
2023-12-21 7:40,0
2023-12-21 7:50,0
2023-12-21 8:00,0
2023-12-21 8:10,0
2023-12-21 8:20,0
2023-12-21 8:30,0
2023-12-21 8:40,0
2023-12-21 8:50,0
2023-12-21 9:00,0
2023-12-21 9:10,0
2023-12-21 9:20,0
2023-12-21 9:30,0
2023-12-21 9:40,0
2023-12-21 9:50,0
2023-12-21 10:00,0
2023-12-21 10:10,0
2023-12-21 10:20,0
2023-12-21 10:30,0
2023-12-21 10:40,0
2023-12-21 10:50,0
2023-12-21 11:00,0
2023-12-21 11:10,0
2023-12-21 11:20,0
2023-12-21 11:30,0
2023-12-21 11:40,0
2023-12-21 11:50,0
2023-12-21 12:00,0
2023-12-21 12:10,0
2023-12-21 12:20,0
2023-12-21 12:30,0
2023-12-21 12:40,0
2023-12-21 12:50,0
2023-12-21 13:00,0
2023-12-21 13:10,0
2023-12-21 13:20,0
2023-12-21 13:30,0
2023-12-21 13:40,0
2023-12-21 13:50,0
2023-12-21 14:00,0
2023-12-21 14:10,0
2023-12-21 14:20,0
2023-12-21 14:30,0
2023-12-21 14:40,0
2023-12-21 14:50,0
2023-12-21 15:00,0
2023-12-21 15:10,0
2023-12-21 15:20,0
2023-12-21 15:30,0
2023-12-21 15:40,0
2023-12-21 15:50,0
2023-12-21 16:00,0
2023-12-21 16:10,0
2023-12-21 16:20,0
2023-12-21 16:30,0
2023-12-21 16:40,0
2023-12-21 16:50,0
2023-12-21 17:00,0
2023-12-21 17:10,0
2023-12-21 17:20,0
2023-12-21 17:30,0
2023-12-21 17:40,0
2023-12-21 17:50,0
2023-12-21 18:00,0
2023-12-21 18:10,0
2023-12-21 18:20,0
2023-12-21 18:30,0
2023-12-21 18:40,0
2023-12-21 18:50,0
2023-12-21 19:00,0
2023-12-21 19:10,0
2023-12-21 19:20,0
2023-12-21 19:30,0
2023-12-21 19:40,0
2023-12-21 19:50,0
2023-12-21 20:00,0
2023-12-21 20:10,0
2023-12-21 20:20,0
2023-12-21 20:30,0
2023-12-21 20:40,0
2023-12-21 20:50,0
2023-12-21 21:00,0
2023-12-21 21:10,0
2023-12-21 21:20,0
2023-12-21 21:30,0
2023-12-21 21:40,0
2023-12-21 21:50,0
2023-12-21 22:00,0
2023-12-21 22:10,0
2023-12-21 22:20,0
2023-12-21 22:30,0
2023-12-21 22:40,0
2023-12-21 22:50,0
2023-12-21 23:00,0
2023-12-21 23:10,0
2023-12-21 23:20,0
2023-12-21 23:30,0
2023-12-21 23:40,0
2023-12-21 23:50,0
2023-12-22 0:00,0
2023-12-22 0:10,0
2023-12-22 0:20,0
2023-12-22 0:30,0
2023-12-22 0:40,0
2023-12-22 0:50,0
2023-12-22 1:00,0
2023-12-22 1:10,0
2023-12-22 1:20,0
2023-12-22 1:30,0
2023-12-22 1:40,0
2023-12-22 1:50,0
2023-12-22 2:00,0
2023-12-22 2:10,0
2023-12-22 2:20,0
2023-12-22 2:30,0
2023-12-22 2:40,0
2023-12-22 2:50,0
2023-12-22 3:00,0
2023-12-22 3:10,0
2023-12-22 3:20,0
2023-12-22 3:30,0
2023-12-22 3:40,0
2023-12-22 3:50,0
2023-12-22 4:00,0
2023-12-22 4:10,0
2023-12-22 4:20,0
2023-12-22 4:30,0
2023-12-22 4:40,0
2023-12-22 4:50,0
2023-12-22 5:00,0
2023-12-22 5:10,0
2023-12-22 5:20,0
2023-12-22 5:30,0
2023-12-22 5:40,0
2023-12-22 5:50,0
2023-12-22 6:00,0
2023-12-22 6:10,0
2023-12-22 6:20,0
2023-12-22 6:30,0
2023-12-22 6:40,0
2023-12-22 6:50,0
2023-12-22 7:00,0
2023-12-22 7:10,0
2023-12-22 7:20,0
2023-12-22 7:30,0
2023-12-22 7:40,0
2023-12-22 7:50,0
2023-12-22 8:00,0
2023-12-22 8:10,0
2023-12-22 8:20,0
2023-12-22 8:30,0
2023-12-22 8:40,0
2023-12-22 8:50,0
2023-12-22 9:00,0
2023-12-22 9:10,0
2023-12-22 9:20,0
2023-12-22 9:30,0
2023-12-22 9:40,0
2023-12-22 9:50,0
2023-12-22 10:00,0
2023-12-22 10:10,0
2023-12-22 10:20,0
2023-12-22 10:30,0
2023-12-22 10:40,0
2023-12-22 10:50,0
2023-12-22 11:00,0
2023-12-22 11:10,0
2023-12-22 11:20,0
2023-12-22 11:30,0
2023-12-22 11:40,0
2023-12-22 11:50,0
2023-12-22 12:00,0
2023-12-22 12:10,0
2023-12-22 12:20,0
2023-12-22 12:30,0
2023-12-22 12:40,0
2023-12-22 12:50,0
2023-12-22 13:00,0
2023-12-22 13:10,0
2023-12-22 13:20,0
2023-12-22 13:30,0
2023-12-22 13:40,0
2023-12-22 13:50,0
2023-12-22 14:00,0
2023-12-22 14:10,0
2023-12-22 14:20,0
2023-12-22 14:30,0
2023-12-22 14:40,0
2023-12-22 14:50,0
2023-12-22 15:00,0
2023-12-22 15:10,0
2023-12-22 15:20,0
2023-12-22 15:30,0
2023-12-22 15:40,0
2023-12-22 15:50,0
2023-12-22 16:00,0
2023-12-22 16:10,0
2023-12-22 16:20,0
2023-12-22 16:30,0
2023-12-22 16:40,0
2023-12-22 16:50,0
2023-12-22 17:00,0
2023-12-22 17:10,0
2023-12-22 17:20,0
2023-12-22 17:30,0
2023-12-22 17:40,0
2023-12-22 17:50,0
2023-12-22 18:00,0
2023-12-22 18:10,0
2023-12-22 18:20,0
2023-12-22 18:30,0
2023-12-22 18:40,0
2023-12-22 18:50,0
2023-12-22 19:00,0
2023-12-22 19:10,0
2023-12-22 19:20,0
2023-12-22 19:30,0
2023-12-22 19:40,0
2023-12-22 19:50,0
2023-12-22 20:00,0
2023-12-22 20:10,0
2023-12-22 20:20,0
2023-12-22 20:30,0
2023-12-22 20:40,0
2023-12-22 20:50,0
2023-12-22 21:00,0
2023-12-22 21:10,0
2023-12-22 21:20,0
2023-12-22 21:30,0
2023-12-22 21:40,0
2023-12-22 21:50,0
2023-12-22 22:00,0
2023-12-22 22:10,0
2023-12-22 22:20,0
2023-12-22 22:30,0
2023-12-22 22:40,0
2023-12-22 22:50,0
2023-12-22 23:00,0
2023-12-22 23:10,0
2023-12-22 23:20,0
2023-12-22 23:30,0
2023-12-22 23:40,0
2023-12-22 23:50,0
2023-12-23 0:00,0
2023-12-23 0:10,0
2023-12-23 0:20,0
2023-12-23 0:30,0
2023-12-23 0:40,0
2023-12-23 0:50,0
2023-12-23 1:00,0
2023-12-23 1:10,0
2023-12-23 1:20,0
2023-12-23 1:30,0
2023-12-23 1:40,0
2023-12-23 1:50,0
2023-12-23 2:00,0
2023-12-23 2:10,0
2023-12-23 2:20,0
2023-12-23 2:30,0
2023-12-23 2:40,0
2023-12-23 2:50,0
2023-12-23 3:00,0
2023-12-23 3:10,0
2023-12-23 3:20,0
2023-12-23 3:30,0
2023-12-23 3:40,0
2023-12-23 3:50,0
2023-12-23 4:00,0
2023-12-23 4:10,0
2023-12-23 4:20,0
2023-12-23 4:30,0
2023-12-23 4:40,0
2023-12-23 4:50,0
2023-12-23 5:00,0
2023-12-23 5:10,0
2023-12-23 5:20,0
2023-12-23 5:30,0
2023-12-23 5:40,0
2023-12-23 5:50,0
2023-12-23 6:00,0
2023-12-23 6:10,0
2023-12-23 6:20,0
2023-12-23 6:30,0
2023-12-23 6:40,0
2023-12-23 6:50,0
2023-12-23 7:00,0
2023-12-23 7:10,0
2023-12-23 7:20,0
2023-12-23 7:30,0
2023-12-23 7:40,0
2023-12-23 7:50,0
2023-12-23 8:00,0
2023-12-23 8:10,0
2023-12-23 8:20,0
2023-12-23 8:30,0
2023-12-23 8:40,0
2023-12-23 8:50,0
2023-12-23 9:00,0
2023-12-23 9:10,0
2023-12-23 9:20,0
2023-12-23 9:30,0
2023-12-23 9:40,0
2023-12-23 9:50,0
2023-12-23 10:00,0
2023-12-23 10:10,0
2023-12-23 10:20,0
2023-12-23 10:30,0
2023-12-23 10:40,0
2023-12-23 10:50,0
2023-12-23 11:00,0
2023-12-23 11:10,0
2023-12-23 11:20,0
2023-12-23 11:30,0
2023-12-23 11:40,0
2023-12-23 11:50,0
2023-12-23 12:00,0
2023-12-23 12:10,0
2023-12-23 12:20,0
2023-12-23 12:30,0
2023-12-23 12:40,0
2023-12-23 12:50,0
2023-12-23 13:00,0
2023-12-23 13:10,0
2023-12-23 13:20,0
2023-12-23 13:30,0
2023-12-23 13:40,0
2023-12-23 13:50,0
2023-12-23 14:00,0
2023-12-23 14:10,0
2023-12-23 14:20,0
2023-12-23 14:30,0
2023-12-23 14:40,0
2023-12-23 14:50,0
2023-12-23 15:00,0
2023-12-23 15:10,0
2023-12-23 15:20,0
2023-12-23 15:30,0
2023-12-23 15:40,0
2023-12-23 15:50,0
2023-12-23 16:00,0
2023-12-23 16:10,0
2023-12-23 16:20,0
2023-12-23 16:30,0
2023-12-23 16:40,0
2023-12-23 16:50,0
2023-12-23 17:00,0
2023-12-23 17:10,0
2023-12-23 17:20,0
2023-12-23 17:30,0
2023-12-23 17:40,0
2023-12-23 17:50,0
2023-12-23 18:00,0
2023-12-23 18:10,0
2023-12-23 18:20,0
2023-12-23 18:30,0
2023-12-23 18:40,0
2023-12-23 18:50,0
2023-12-23 19:00,0
2023-12-23 19:10,0
2023-12-23 19:20,0
2023-12-23 19:30,0
2023-12-23 19:40,0
2023-12-23 19:50,0
2023-12-23 20:00,0
2023-12-23 20:10,0
2023-12-23 20:20,0
2023-12-23 20:30,0
2023-12-23 20:40,0
2023-12-23 20:50,0
2023-12-23 21:00,0
2023-12-23 21:10,0
2023-12-23 21:20,0
2023-12-23 21:30,0
2023-12-23 21:40,0
2023-12-23 21:50,0
2023-12-23 22:00,0
2023-12-23 22:10,0
2023-12-23 22:20,0
2023-12-23 22:30,0
2023-12-23 22:40,0
2023-12-23 22:50,0
2023-12-23 23:00,0
2023-12-23 23:10,0
2023-12-23 23:20,0
2023-12-23 23:30,0
2023-12-23 23:40,0
2023-12-23 23:50,0
2023-12-24 0:00,0
2023-12-24 0:10,0
2023-12-24 0:20,0
2023-12-24 0:30,0
2023-12-24 0:40,0
2023-12-24 0:50,0
2023-12-24 1:00,0
2023-12-24 1:10,0
2023-12-24 1:20,0
2023-12-24 1:30,0
2023-12-24 1:40,0
2023-12-24 1:50,0
2023-12-24 2:00,0
2023-12-24 2:10,0
2023-12-24 2:20,0
2023-12-24 2:30,0
2023-12-24 2:40,0
2023-12-24 2:50,0
2023-12-24 3:00,0
2023-12-24 3:10,0
2023-12-24 3:20,0
2023-12-24 3:30,0
2023-12-24 3:40,0
2023-12-24 3:50,0
2023-12-24 4:00,0
2023-12-24 4:10,0
2023-12-24 4:20,0
2023-12-24 4:30,0
2023-12-24 4:40,0
2023-12-24 4:50,0
2023-12-24 5:00,0
2023-12-24 5:10,0
2023-12-24 5:20,0
2023-12-24 5:30,0
2023-12-24 5:40,0
2023-12-24 5:50,0
2023-12-24 6:00,0
2023-12-24 6:10,0
2023-12-24 6:20,0
2023-12-24 6:30,0
2023-12-24 6:40,0
2023-12-24 6:50,0
2023-12-24 7:00,0
2023-12-24 7:10,0
2023-12-24 7:20,0
2023-12-24 7:30,0
2023-12-24 7:40,0
2023-12-24 7:50,0
2023-12-24 8:00,0
2023-12-24 8:10,0
2023-12-24 8:20,0
2023-12-24 8:30,0
2023-12-24 8:40,0
2023-12-24 8:50,0
2023-12-24 9:00,0
2023-12-24 9:10,0
2023-12-24 9:20,0
2023-12-24 9:30,0
2023-12-24 9:40,0
2023-12-24 9:50,0
2023-12-24 10:00,0
2023-12-24 10:10,0
2023-12-24 10:20,0
2023-12-24 10:30,0
2023-12-24 10:40,0
2023-12-24 10:50,0
2023-12-24 11:00,0
2023-12-24 11:10,0
2023-12-24 11:20,0
2023-12-24 11:30,0
2023-12-24 11:40,0
2023-12-24 11:50,0
2023-12-24 12:00,0
2023-12-24 12:10,0
2023-12-24 12:20,0
2023-12-24 12:30,0
2023-12-24 12:40,0
2023-12-24 12:50,0
2023-12-24 13:00,0
2023-12-24 13:10,0
2023-12-24 13:20,0
2023-12-24 13:30,0
2023-12-24 13:40,0
2023-12-24 13:50,0
2023-12-24 14:00,0
2023-12-24 14:10,0
2023-12-24 14:20,0
2023-12-24 14:30,0
2023-12-24 14:40,0
2023-12-24 14:50,0
2023-12-24 15:00,0
2023-12-24 15:10,0
2023-12-24 15:20,0
2023-12-24 15:30,0
2023-12-24 15:40,0
2023-12-24 15:50,0
2023-12-24 16:00,0
2023-12-24 16:10,0
2023-12-24 16:20,0
2023-12-24 16:30,0
2023-12-24 16:40,0
2023-12-24 16:50,0
2023-12-24 17:00,0
2023-12-24 17:10,0
2023-12-24 17:20,0
2023-12-24 17:30,0
2023-12-24 17:40,0
2023-12-24 17:50,0
2023-12-24 18:00,0
2023-12-24 18:10,0
2023-12-24 18:20,0
2023-12-24 18:30,0
2023-12-24 18:40,0
2023-12-24 18:50,0
2023-12-24 19:00,0
2023-12-24 19:10,0
2023-12-24 19:20,0
2023-12-24 19:30,0
2023-12-24 19:40,0
2023-12-24 19:50,0
2023-12-24 20:00,0
2023-12-24 20:10,0
2023-12-24 20:20,0
2023-12-24 20:30,0
2023-12-24 20:40,0
2023-12-24 20:50,0
2023-12-24 21:00,0
2023-12-24 21:10,0
2023-12-24 21:20,0
2023-12-24 21:30,0
2023-12-24 21:40,0
2023-12-24 21:50,0
2023-12-24 22:00,0
2023-12-24 22:10,0
2023-12-24 22:20,0
2023-12-24 22:30,0
2023-12-24 22:40,0
2023-12-24 22:50,0
2023-12-24 23:00,0
2023-12-24 23:10,0
2023-12-24 23:20,0
2023-12-24 23:30,0
2023-12-24 23:40,0
2023-12-24 23:50,0
2023-12-25 0:00,0
2023-12-25 0:10,0
2023-12-25 0:20,0
2023-12-25 0:30,0
2023-12-25 0:40,0
2023-12-25 0:50,0
2023-12-25 1:00,0
2023-12-25 1:10,0
2023-12-25 1:20,0
2023-12-25 1:30,0
2023-12-25 1:40,0
2023-12-25 1:50,0
2023-12-25 2:00,0
2023-12-25 2:10,0
2023-12-25 2:20,0
2023-12-25 2:30,0
2023-12-25 2:40,0
2023-12-25 2:50,0
2023-12-25 3:00,0
2023-12-25 3:10,0
2023-12-25 3:20,0
2023-12-25 3:30,0
2023-12-25 3:40,0
2023-12-25 3:50,0
2023-12-25 4:00,0
2023-12-25 4:10,0
2023-12-25 4:20,0
2023-12-25 4:30,0
2023-12-25 4:40,0
2023-12-25 4:50,0
2023-12-25 5:00,0
2023-12-25 5:10,0
2023-12-25 5:20,0
2023-12-25 5:30,0
2023-12-25 5:40,0
2023-12-25 5:50,0
2023-12-25 6:00,0
2023-12-25 6:10,0
2023-12-25 6:20,0
2023-12-25 6:30,0
2023-12-25 6:40,0
2023-12-25 6:50,0
2023-12-25 7:00,0
2023-12-25 7:10,0
2023-12-25 7:20,0
2023-12-25 7:30,0
2023-12-25 7:40,0
2023-12-25 7:50,0
2023-12-25 8:00,0
2023-12-25 8:10,0
2023-12-25 8:20,0
2023-12-25 8:30,0
2023-12-25 8:40,0
2023-12-25 8:50,0
2023-12-25 9:00,0
2023-12-25 9:10,0
2023-12-25 9:20,0
2023-12-25 9:30,0
2023-12-25 9:40,0
2023-12-25 9:50,0
2023-12-25 10:00,0
2023-12-25 10:10,0
2023-12-25 10:20,0
2023-12-25 10:30,0
2023-12-25 10:40,0
2023-12-25 10:50,0
2023-12-25 11:00,0
2023-12-25 11:10,0
2023-12-25 11:20,0
2023-12-25 11:30,0
2023-12-25 11:40,0
2023-12-25 11:50,0
2023-12-25 12:00,0
2023-12-25 12:10,0
2023-12-25 12:20,0
2023-12-25 12:30,0
2023-12-25 12:40,0
2023-12-25 12:50,0
2023-12-25 13:00,0
2023-12-25 13:10,0
2023-12-25 13:20,0
2023-12-25 13:30,0
2023-12-25 13:40,0
2023-12-25 13:50,0
2023-12-25 14:00,0
2023-12-25 14:10,0
2023-12-25 14:20,0
2023-12-25 14:30,0
2023-12-25 14:40,0
2023-12-25 14:50,0
2023-12-25 15:00,0
2023-12-25 15:10,0
2023-12-25 15:20,0
2023-12-25 15:30,0
2023-12-25 15:40,0
2023-12-25 15:50,0
2023-12-25 16:00,0
2023-12-25 16:10,0
2023-12-25 16:20,0
2023-12-25 16:30,0
2023-12-25 16:40,0
2023-12-25 16:50,0
2023-12-25 17:00,0
2023-12-25 17:10,0
2023-12-25 17:20,0
2023-12-25 17:30,0
2023-12-25 17:40,0
2023-12-25 17:50,0
2023-12-25 18:00,0
2023-12-25 18:10,0
2023-12-25 18:20,0
2023-12-25 18:30,0
2023-12-25 18:40,0
2023-12-25 18:50,0
2023-12-25 19:00,0
2023-12-25 19:10,0
2023-12-25 19:20,0
2023-12-25 19:30,0
2023-12-25 19:40,0
2023-12-25 19:50,0
2023-12-25 20:00,0
2023-12-25 20:10,0
2023-12-25 20:20,0
2023-12-25 20:30,0
2023-12-25 20:40,0
2023-12-25 20:50,0
2023-12-25 21:00,0
2023-12-25 21:10,0
2023-12-25 21:20,0
2023-12-25 21:30,0
2023-12-25 21:40,0
2023-12-25 21:50,0
2023-12-25 22:00,0
2023-12-25 22:10,0
2023-12-25 22:20,0
2023-12-25 22:30,0
2023-12-25 22:40,0
2023-12-25 22:50,0
2023-12-25 23:00,0
2023-12-25 23:10,0
2023-12-25 23:20,0
2023-12-25 23:30,0
2023-12-25 23:40,0
2023-12-25 23:50,0
2023-12-26 0:00,0
2023-12-26 0:10,0
2023-12-26 0:20,0
2023-12-26 0:30,0
2023-12-26 0:40,0
2023-12-26 0:50,0
2023-12-26 1:00,0
2023-12-26 1:10,0
2023-12-26 1:20,0
2023-12-26 1:30,0
2023-12-26 1:40,0
2023-12-26 1:50,0
2023-12-26 2:00,0
2023-12-26 2:10,0
2023-12-26 2:20,0
2023-12-26 2:30,0
2023-12-26 2:40,0
2023-12-26 2:50,0
2023-12-26 3:00,0
2023-12-26 3:10,0
2023-12-26 3:20,0
2023-12-26 3:30,0
2023-12-26 3:40,0
2023-12-26 3:50,0
2023-12-26 4:00,0
2023-12-26 4:10,0
2023-12-26 4:20,0
2023-12-26 4:30,0
2023-12-26 4:40,0
2023-12-26 4:50,0
2023-12-26 5:00,0
2023-12-26 5:10,0
2023-12-26 5:20,0
2023-12-26 5:30,0
2023-12-26 5:40,0
2023-12-26 5:50,0
2023-12-26 6:00,0
2023-12-26 6:10,0
2023-12-26 6:20,0
2023-12-26 6:30,0
2023-12-26 6:40,0
2023-12-26 6:50,0
2023-12-26 7:00,0
2023-12-26 7:10,0
2023-12-26 7:20,0
2023-12-26 7:30,0
2023-12-26 7:40,0
2023-12-26 7:50,0
2023-12-26 8:00,0
2023-12-26 8:10,0
2023-12-26 8:20,0
2023-12-26 8:30,0
2023-12-26 8:40,0
2023-12-26 8:50,0
2023-12-26 9:00,0
2023-12-26 9:10,0
2023-12-26 9:20,0
2023-12-26 9:30,0
2023-12-26 9:40,0
2023-12-26 9:50,0
2023-12-26 10:00,0
2023-12-26 10:10,0
2023-12-26 10:20,0
2023-12-26 10:30,0
2023-12-26 10:40,0
2023-12-26 10:50,0
2023-12-26 11:00,0
2023-12-26 11:10,0
2023-12-26 11:20,0
2023-12-26 11:30,0
2023-12-26 11:40,0
2023-12-26 11:50,0
2023-12-26 12:00,0
2023-12-26 12:10,0
2023-12-26 12:20,0
2023-12-26 12:30,0
2023-12-26 12:40,0
2023-12-26 12:50,0
2023-12-26 13:00,0
2023-12-26 13:10,0
2023-12-26 13:20,0
2023-12-26 13:30,0
2023-12-26 13:40,0
2023-12-26 13:50,0
2023-12-26 14:00,0
2023-12-26 14:10,0
2023-12-26 14:20,0
2023-12-26 14:30,0
2023-12-26 14:40,0
2023-12-26 14:50,0
2023-12-26 15:00,0
2023-12-26 15:10,0
2023-12-26 15:20,0
2023-12-26 15:30,0
2023-12-26 15:40,0
2023-12-26 15:50,0
2023-12-26 16:00,0
2023-12-26 16:10,0
2023-12-26 16:20,0
2023-12-26 16:30,0
2023-12-26 16:40,0
2023-12-26 16:50,0
2023-12-26 17:00,0
2023-12-26 17:10,0
2023-12-26 17:20,0
2023-12-26 17:30,0
2023-12-26 17:40,0
2023-12-26 17:50,0
2023-12-26 18:00,0
2023-12-26 18:10,0
2023-12-26 18:20,0
2023-12-26 18:30,0
2023-12-26 18:40,0
2023-12-26 18:50,0
2023-12-26 19:00,0
2023-12-26 19:10,0
2023-12-26 19:20,0
2023-12-26 19:30,0
2023-12-26 19:40,0
2023-12-26 19:50,0
2023-12-26 20:00,0
2023-12-26 20:10,0
2023-12-26 20:20,0
2023-12-26 20:30,0
2023-12-26 20:40,0
2023-12-26 20:50,0
2023-12-26 21:00,0
2023-12-26 21:10,0
2023-12-26 21:20,0
2023-12-26 21:30,0
2023-12-26 21:40,0
2023-12-26 21:50,0
2023-12-26 22:00,0
2023-12-26 22:10,0
2023-12-26 22:20,0
2023-12-26 22:30,0
2023-12-26 22:40,0
2023-12-26 22:50,0
2023-12-26 23:00,0
2023-12-26 23:10,0
2023-12-26 23:20,0
2023-12-26 23:30,0
2023-12-26 23:40,0
2023-12-26 23:50,0
2023-12-27 0:00,0
2023-12-27 0:10,0
2023-12-27 0:20,0
2023-12-27 0:30,0
2023-12-27 0:40,0
2023-12-27 0:50,0
2023-12-27 1:00,0
2023-12-27 1:10,0
2023-12-27 1:20,0
2023-12-27 1:30,0
2023-12-27 1:40,0
2023-12-27 1:50,0
2023-12-27 2:00,0
2023-12-27 2:10,0
2023-12-27 2:20,0
2023-12-27 2:30,0
2023-12-27 2:40,0
2023-12-27 2:50,0
2023-12-27 3:00,0
2023-12-27 3:10,0
2023-12-27 3:20,0
2023-12-27 3:30,0
2023-12-27 3:40,0
2023-12-27 3:50,0
2023-12-27 4:00,0
2023-12-27 4:10,0
2023-12-27 4:20,0
2023-12-27 4:30,0
2023-12-27 4:40,0
2023-12-27 4:50,0
2023-12-27 5:00,0
2023-12-27 5:10,0
2023-12-27 5:20,0
2023-12-27 5:30,0
2023-12-27 5:40,0
2023-12-27 5:50,0
2023-12-27 6:00,0
2023-12-27 6:10,0
2023-12-27 6:20,0
2023-12-27 6:30,0
2023-12-27 6:40,0
2023-12-27 6:50,0
2023-12-27 7:00,0
2023-12-27 7:10,0
2023-12-27 7:20,0
2023-12-27 7:30,0
2023-12-27 7:40,0
2023-12-27 7:50,0
2023-12-27 8:00,0
2023-12-27 8:10,0
2023-12-27 8:20,0
2023-12-27 8:30,0
2023-12-27 8:40,0
2023-12-27 8:50,0
2023-12-27 9:00,0
2023-12-27 9:10,0
2023-12-27 9:20,0
2023-12-27 9:30,0
2023-12-27 9:40,0
2023-12-27 9:50,0
2023-12-27 10:00,0
2023-12-27 10:10,0
2023-12-27 10:20,0
2023-12-27 10:30,0
2023-12-27 10:40,0
2023-12-27 10:50,0
2023-12-27 11:00,0
2023-12-27 11:10,0
2023-12-27 11:20,0
2023-12-27 11:30,0
2023-12-27 11:40,0
2023-12-27 11:50,0
2023-12-27 12:00,0
2023-12-27 12:10,0
2023-12-27 12:20,0
2023-12-27 12:30,0
2023-12-27 12:40,0
2023-12-27 12:50,0
2023-12-27 13:00,0
2023-12-27 13:10,0
2023-12-27 13:20,0
2023-12-27 13:30,0
2023-12-27 13:40,0
2023-12-27 13:50,0
2023-12-27 14:00,0
2023-12-27 14:10,0
2023-12-27 14:20,0
2023-12-27 14:30,0
2023-12-27 14:40,0
2023-12-27 14:50,0
2023-12-27 15:00,0
2023-12-27 15:10,0
2023-12-27 15:20,0
2023-12-27 15:30,0
2023-12-27 15:40,0
2023-12-27 15:50,0
2023-12-27 16:00,0
2023-12-27 16:10,0
2023-12-27 16:20,0
2023-12-27 16:30,0
2023-12-27 16:40,0
2023-12-27 16:50,0
2023-12-27 17:00,0
2023-12-27 17:10,0
2023-12-27 17:20,0
2023-12-27 17:30,0
2023-12-27 17:40,0
2023-12-27 17:50,0
2023-12-27 18:00,0
2023-12-27 18:10,0
2023-12-27 18:20,0
2023-12-27 18:30,0
2023-12-27 18:40,0
2023-12-27 18:50,0
2023-12-27 19:00,0
2023-12-27 19:10,0
2023-12-27 19:20,0
2023-12-27 19:30,0
2023-12-27 19:40,0
2023-12-27 19:50,0
2023-12-27 20:00,0
2023-12-27 20:10,0
2023-12-27 20:20,0
2023-12-27 20:30,0
2023-12-27 20:40,0
2023-12-27 20:50,0
2023-12-27 21:00,0
2023-12-27 21:10,0
2023-12-27 21:20,0
2023-12-27 21:30,0
2023-12-27 21:40,0
2023-12-27 21:50,0
2023-12-27 22:00,0
2023-12-27 22:10,0
2023-12-27 22:20,0
2023-12-27 22:30,0
2023-12-27 22:40,0
2023-12-27 22:50,0
2023-12-27 23:00,0
2023-12-27 23:10,0
2023-12-27 23:20,0
2023-12-27 23:30,0
2023-12-27 23:40,0
2023-12-27 23:50,0
2023-12-28 0:00,0
2023-12-28 0:10,0
2023-12-28 0:20,0
2023-12-28 0:30,0
2023-12-28 0:40,0
2023-12-28 0:50,0
2023-12-28 1:00,0
2023-12-28 1:10,0
2023-12-28 1:20,0
2023-12-28 1:30,0
2023-12-28 1:40,0
2023-12-28 1:50,0
2023-12-28 2:00,0
2023-12-28 2:10,0
2023-12-28 2:20,0
2023-12-28 2:30,0
2023-12-28 2:40,0
2023-12-28 2:50,0
2023-12-28 3:00,0
2023-12-28 3:10,0
2023-12-28 3:20,0
2023-12-28 3:30,0
2023-12-28 3:40,0
2023-12-28 3:50,0
2023-12-28 4:00,0
2023-12-28 4:10,0
2023-12-28 4:20,0
2023-12-28 4:30,0
2023-12-28 4:40,0
2023-12-28 4:50,0
2023-12-28 5:00,0
2023-12-28 5:10,0
2023-12-28 5:20,0
2023-12-28 5:30,0
2023-12-28 5:40,0
2023-12-28 5:50,0
2023-12-28 6:00,0
2023-12-28 6:10,0
2023-12-28 6:20,0
2023-12-28 6:30,0
2023-12-28 6:40,0
2023-12-28 6:50,0
2023-12-28 7:00,0
2023-12-28 7:10,0
2023-12-28 7:20,0
2023-12-28 7:30,0
2023-12-28 7:40,0
2023-12-28 7:50,0
2023-12-28 8:00,0
2023-12-28 8:10,0
2023-12-28 8:20,0
2023-12-28 8:30,0
2023-12-28 8:40,0
2023-12-28 8:50,0
2023-12-28 9:00,0
2023-12-28 9:10,0
2023-12-28 9:20,0
2023-12-28 9:30,0
2023-12-28 9:40,0
2023-12-28 9:50,0
2023-12-28 10:00,0
2023-12-28 10:10,0
2023-12-28 10:20,0
2023-12-28 10:30,0
2023-12-28 10:40,0
2023-12-28 10:50,0
2023-12-28 11:00,0
2023-12-28 11:10,0
2023-12-28 11:20,0
2023-12-28 11:30,0
2023-12-28 11:40,0
2023-12-28 11:50,0
2023-12-28 12:00,0
2023-12-28 12:10,0
2023-12-28 12:20,0
2023-12-28 12:30,0
2023-12-28 12:40,0
2023-12-28 12:50,0
2023-12-28 13:00,0
2023-12-28 13:10,0
2023-12-28 13:20,0
2023-12-28 13:30,0
2023-12-28 13:40,0
2023-12-28 13:50,0
2023-12-28 14:00,0
2023-12-28 14:10,0
2023-12-28 14:20,0
2023-12-28 14:30,0
2023-12-28 14:40,0
2023-12-28 14:50,0
2023-12-28 15:00,0
2023-12-28 15:10,0
2023-12-28 15:20,0
2023-12-28 15:30,0
2023-12-28 15:40,0
2023-12-28 15:50,0
2023-12-28 16:00,0
2023-12-28 16:10,0
2023-12-28 16:20,0
2023-12-28 16:30,0
2023-12-28 16:40,0
2023-12-28 16:50,0
2023-12-28 17:00,0
2023-12-28 17:10,0
2023-12-28 17:20,0
2023-12-28 17:30,0
2023-12-28 17:40,0
2023-12-28 17:50,0
2023-12-28 18:00,0
2023-12-28 18:10,0
2023-12-28 18:20,0
2023-12-28 18:30,0
2023-12-28 18:40,0
2023-12-28 18:50,0
2023-12-28 19:00,0
2023-12-28 19:10,0
2023-12-28 19:20,0
2023-12-28 19:30,0
2023-12-28 19:40,0
2023-12-28 19:50,0
2023-12-28 20:00,0
2023-12-28 20:10,0
2023-12-28 20:20,0
2023-12-28 20:30,0
2023-12-28 20:40,0
2023-12-28 20:50,0
2023-12-28 21:00,0
2023-12-28 21:10,0
2023-12-28 21:20,0
2023-12-28 21:30,0
2023-12-28 21:40,0
2023-12-28 21:50,0
2023-12-28 22:00,0
2023-12-28 22:10,0
2023-12-28 22:20,0
2023-12-28 22:30,0
2023-12-28 22:40,0
2023-12-28 22:50,0
2023-12-28 23:00,0
2023-12-28 23:10,0
2023-12-28 23:20,0
2023-12-28 23:30,0
2023-12-28 23:40,0
2023-12-28 23:50,0
2023-12-29 0:00,0
2023-12-29 0:10,0
2023-12-29 0:20,0
2023-12-29 0:30,0
2023-12-29 0:40,0
2023-12-29 0:50,0
2023-12-29 1:00,0
2023-12-29 1:10,0
2023-12-29 1:20,0
2023-12-29 1:30,0
2023-12-29 1:40,0
2023-12-29 1:50,0
2023-12-29 2:00,0
2023-12-29 2:10,0
2023-12-29 2:20,0
2023-12-29 2:30,0
2023-12-29 2:40,0
2023-12-29 2:50,0
2023-12-29 3:00,0
2023-12-29 3:10,0
2023-12-29 3:20,0
2023-12-29 3:30,0
2023-12-29 3:40,0
2023-12-29 3:50,0
2023-12-29 4:00,0
2023-12-29 4:10,0
2023-12-29 4:20,0
2023-12-29 4:30,0
2023-12-29 4:40,0
2023-12-29 4:50,0
2023-12-29 5:00,0
2023-12-29 5:10,0
2023-12-29 5:20,0
2023-12-29 5:30,0
2023-12-29 5:40,0
2023-12-29 5:50,0
2023-12-29 6:00,0
2023-12-29 6:10,0
2023-12-29 6:20,0
2023-12-29 6:30,0
2023-12-29 6:40,0
2023-12-29 6:50,0
2023-12-29 7:00,0
2023-12-29 7:10,0
2023-12-29 7:20,0
2023-12-29 7:30,0
2023-12-29 7:40,0
2023-12-29 7:50,0
2023-12-29 8:00,0
2023-12-29 8:10,0
2023-12-29 8:20,0
2023-12-29 8:30,0
2023-12-29 8:40,0
2023-12-29 8:50,0
2023-12-29 9:00,0
2023-12-29 9:10,0
2023-12-29 9:20,0
2023-12-29 9:30,0
2023-12-29 9:40,0
2023-12-29 9:50,0
2023-12-29 10:00,0
2023-12-29 10:10,0
2023-12-29 10:20,0
2023-12-29 10:30,0
2023-12-29 10:40,0
2023-12-29 10:50,0
2023-12-29 11:00,0
2023-12-29 11:10,0
2023-12-29 11:20,0
2023-12-29 11:30,0
2023-12-29 11:40,0
2023-12-29 11:50,0
2023-12-29 12:00,0
2023-12-29 12:10,0
2023-12-29 12:20,0
2023-12-29 12:30,0
2023-12-29 12:40,0
2023-12-29 12:50,0
2023-12-29 13:00,0
2023-12-29 13:10,0
2023-12-29 13:20,0
2023-12-29 13:30,0
2023-12-29 13:40,0
2023-12-29 13:50,0
2023-12-29 14:00,0
2023-12-29 14:10,0
2023-12-29 14:20,0
2023-12-29 14:30,0
2023-12-29 14:40,0
2023-12-29 14:50,0
2023-12-29 15:00,0
2023-12-29 15:10,0
2023-12-29 15:20,0
2023-12-29 15:30,0
2023-12-29 15:40,0
2023-12-29 15:50,0
2023-12-29 16:00,0
2023-12-29 16:10,0
2023-12-29 16:20,0
2023-12-29 16:30,0
2023-12-29 16:40,0
2023-12-29 16:50,0
2023-12-29 17:00,0
2023-12-29 17:10,0
2023-12-29 17:20,0
2023-12-29 17:30,0
2023-12-29 17:40,0
2023-12-29 17:50,0
2023-12-29 18:00,0
2023-12-29 18:10,0
2023-12-29 18:20,0
2023-12-29 18:30,0
2023-12-29 18:40,0
2023-12-29 18:50,0
2023-12-29 19:00,0
2023-12-29 19:10,0
2023-12-29 19:20,0
2023-12-29 19:30,0
2023-12-29 19:40,0
2023-12-29 19:50,0
2023-12-29 20:00,0
2023-12-29 20:10,0
2023-12-29 20:20,0
2023-12-29 20:30,0
2023-12-29 20:40,0
2023-12-29 20:50,0
2023-12-29 21:00,0
2023-12-29 21:10,0
2023-12-29 21:20,0
2023-12-29 21:30,0
2023-12-29 21:40,0
2023-12-29 21:50,0
2023-12-29 22:00,0
2023-12-29 22:10,0
2023-12-29 22:20,0
2023-12-29 22:30,0
2023-12-29 22:40,0
2023-12-29 22:50,0
2023-12-29 23:00,0
2023-12-29 23:10,0
2023-12-29 23:20,0
2023-12-29 23:30,0
2023-12-29 23:40,0
2023-12-29 23:50,0
2023-12-30 0:00,0
2023-12-30 0:10,0
2023-12-30 0:20,0
2023-12-30 0:30,0
2023-12-30 0:40,0
2023-12-30 0:50,0
2023-12-30 1:00,0
2023-12-30 1:10,0
2023-12-30 1:20,0
2023-12-30 1:30,0
2023-12-30 1:40,0
2023-12-30 1:50,0
2023-12-30 2:00,0
2023-12-30 2:10,0
2023-12-30 2:20,0
2023-12-30 2:30,0
2023-12-30 2:40,0
2023-12-30 2:50,0
2023-12-30 3:00,0
2023-12-30 3:10,0
2023-12-30 3:20,0
2023-12-30 3:30,0
2023-12-30 3:40,0
2023-12-30 3:50,0
2023-12-30 4:00,0
2023-12-30 4:10,0
2023-12-30 4:20,0
2023-12-30 4:30,0
2023-12-30 4:40,0
2023-12-30 4:50,0
2023-12-30 5:00,0
2023-12-30 5:10,0
2023-12-30 5:20,0
2023-12-30 5:30,0
2023-12-30 5:40,0
2023-12-30 5:50,0
2023-12-30 6:00,0
2023-12-30 6:10,0
2023-12-30 6:20,0
2023-12-30 6:30,0
2023-12-30 6:40,0
2023-12-30 6:50,0
2023-12-30 7:00,0
2023-12-30 7:10,0
2023-12-30 7:20,0
2023-12-30 7:30,0
2023-12-30 7:40,0
2023-12-30 7:50,0
2023-12-30 8:00,0
2023-12-30 8:10,0
2023-12-30 8:20,0
2023-12-30 8:30,0
2023-12-30 8:40,0
2023-12-30 8:50,0
2023-12-30 9:00,0
2023-12-30 9:10,0
2023-12-30 9:20,0
2023-12-30 9:30,0
2023-12-30 9:40,0
2023-12-30 9:50,0
2023-12-30 10:00,0
2023-12-30 10:10,0
2023-12-30 10:20,0
2023-12-30 10:30,0
2023-12-30 10:40,0
2023-12-30 10:50,0
2023-12-30 11:00,0
2023-12-30 11:10,0
2023-12-30 11:20,0
2023-12-30 11:30,0
2023-12-30 11:40,0
2023-12-30 11:50,0
2023-12-30 12:00,0
2023-12-30 12:10,0
2023-12-30 12:20,0
2023-12-30 12:30,0
2023-12-30 12:40,0
2023-12-30 12:50,0
2023-12-30 13:00,0
2023-12-30 13:10,0
2023-12-30 13:20,0
2023-12-30 13:30,0
2023-12-30 13:40,0
2023-12-30 13:50,0
2023-12-30 14:00,0
2023-12-30 14:10,0
2023-12-30 14:20,0
2023-12-30 14:30,0
2023-12-30 14:40,0
2023-12-30 14:50,0
2023-12-30 15:00,0
2023-12-30 15:10,0
2023-12-30 15:20,0
2023-12-30 15:30,0
2023-12-30 15:40,0
2023-12-30 15:50,0
2023-12-30 16:00,0
2023-12-30 16:10,0
2023-12-30 16:20,0
2023-12-30 16:30,0
2023-12-30 16:40,0
2023-12-30 16:50,0
2023-12-30 17:00,0
2023-12-30 17:10,0
2023-12-30 17:20,0
2023-12-30 17:30,0
2023-12-30 17:40,0
2023-12-30 17:50,0
2023-12-30 18:00,0
2023-12-30 18:10,0
2023-12-30 18:20,0
2023-12-30 18:30,0
2023-12-30 18:40,0
2023-12-30 18:50,0
2023-12-30 19:00,0
2023-12-30 19:10,0
2023-12-30 19:20,0
2023-12-30 19:30,0
2023-12-30 19:40,0
2023-12-30 19:50,0
2023-12-30 20:00,0
2023-12-30 20:10,0
2023-12-30 20:20,0
2023-12-30 20:30,0
2023-12-30 20:40,0
2023-12-30 20:50,0
2023-12-30 21:00,0
2023-12-30 21:10,0
2023-12-30 21:20,0
2023-12-30 21:30,0
2023-12-30 21:40,0
2023-12-30 21:50,0
2023-12-30 22:00,0
2023-12-30 22:10,0
2023-12-30 22:20,0
2023-12-30 22:30,0
2023-12-30 22:40,0
2023-12-30 22:50,0
2023-12-30 23:00,0
2023-12-30 23:10,0
2023-12-30 23:20,0
2023-12-30 23:30,0
2023-12-30 23:40,0
2023-12-30 23:50,0
2023-12-31 0:00,0
2023-12-31 0:10,0
2023-12-31 0:20,0
2023-12-31 0:30,0
2023-12-31 0:40,0
2023-12-31 0:50,0
2023-12-31 1:00,0
2023-12-31 1:10,0
2023-12-31 1:20,0
2023-12-31 1:30,0
2023-12-31 1:40,0
2023-12-31 1:50,0
2023-12-31 2:00,0
2023-12-31 2:10,0
2023-12-31 2:20,0
2023-12-31 2:30,0
2023-12-31 2:40,0
2023-12-31 2:50,0
2023-12-31 3:00,0
2023-12-31 3:10,0
2023-12-31 3:20,0
2023-12-31 3:30,0
2023-12-31 3:40,0
2023-12-31 3:50,0
2023-12-31 4:00,0
2023-12-31 4:10,0
2023-12-31 4:20,0
2023-12-31 4:30,0
2023-12-31 4:40,0
2023-12-31 4:50,0
2023-12-31 5:00,0
2023-12-31 5:10,0
2023-12-31 5:20,0
2023-12-31 5:30,0
2023-12-31 5:40,0
2023-12-31 5:50,0
2023-12-31 6:00,0
2023-12-31 6:10,0
2023-12-31 6:20,0
2023-12-31 6:30,0
2023-12-31 6:40,0
2023-12-31 6:50,0
2023-12-31 7:00,0
2023-12-31 7:10,0
2023-12-31 7:20,0
2023-12-31 7:30,0
2023-12-31 7:40,0
2023-12-31 7:50,0
2023-12-31 8:00,0
2023-12-31 8:10,0
2023-12-31 8:20,0
2023-12-31 8:30,0
2023-12-31 8:40,0
2023-12-31 8:50,0
2023-12-31 9:00,0
2023-12-31 9:10,0
2023-12-31 9:20,0
2023-12-31 9:30,0
2023-12-31 9:40,0
2023-12-31 9:50,0
2023-12-31 10:00,0
2023-12-31 10:10,0
2023-12-31 10:20,0
2023-12-31 10:30,0
2023-12-31 10:40,0
2023-12-31 10:50,0
2023-12-31 11:00,0
2023-12-31 11:10,0
2023-12-31 11:20,0
2023-12-31 11:30,0
2023-12-31 11:40,0
2023-12-31 11:50,0
2023-12-31 12:00,0
2023-12-31 12:10,0
2023-12-31 12:20,0
2023-12-31 12:30,0
2023-12-31 12:40,0
2023-12-31 12:50,0
2023-12-31 13:00,0
2023-12-31 13:10,0
2023-12-31 13:20,0
2023-12-31 13:30,0
2023-12-31 13:40,0
2023-12-31 13:50,0
2023-12-31 14:00,0
2023-12-31 14:10,0
2023-12-31 14:20,0
2023-12-31 14:30,0
2023-12-31 14:40,0
2023-12-31 14:50,0
2023-12-31 15:00,0
2023-12-31 15:10,0
2023-12-31 15:20,0
2023-12-31 15:30,0
2023-12-31 15:40,0
2023-12-31 15:50,0
2023-12-31 16:00,0
2023-12-31 16:10,0
2023-12-31 16:20,0
2023-12-31 16:30,0
2023-12-31 16:40,0
2023-12-31 16:50,0
2023-12-31 17:00,0
2023-12-31 17:10,0
2023-12-31 17:20,0
2023-12-31 17:30,0
2023-12-31 17:40,0
2023-12-31 17:50,0
2023-12-31 18:00,0
2023-12-31 18:10,0
2023-12-31 18:20,0
2023-12-31 18:30,0
2023-12-31 18:40,0
2023-12-31 18:50,0
2023-12-31 19:00,0
2023-12-31 19:10,0
2023-12-31 19:20,0
2023-12-31 19:30,0
2023-12-31 19:40,0
2023-12-31 19:50,0
2023-12-31 20:00,0
2023-12-31 20:10,0
2023-12-31 20:20,0
2023-12-31 20:30,0
2023-12-31 20:40,0
2023-12-31 20:50,0
2023-12-31 21:00,0
2023-12-31 21:10,0
2023-12-31 21:20,0
2023-12-31 21:30,0
2023-12-31 21:40,0
2023-12-31 21:50,0
2023-12-31 22:00,0
2023-12-31 22:10,0
2023-12-31 22:20,0
2023-12-31 22:30,0
2023-12-31 22:40,0
2023-12-31 22:50,0
2023-12-31 23:00,0
2023-12-31 23:10,0
2023-12-31 23:20,0
2023-12-31 23:30,0
2023-12-31 23:40,0
2023-12-31 23:50,0
